claim_id	evidence_id	evidence_kind	location	sha256	hash_mode	architecture_requirement
J-UNIT	EV-J-UNIT	REPRODUCTION	reproduce/kernel	7bcd0d80c52bb1ee95f16cae06a9c38807f5810342eb1f57eaf8401c82dae50f	bundle-manifest-sha256-v1	two-architecture
J-PROJECTIONS	EV-J-PROJECTIONS	INLINE_CANON	inline	58fef832e0cc554195cbd27967c8ed00097d45c5ab9647c14ee349b6ccd3eea6	file-sha256	none
AXIOM-PROJECTION-DICTIONARY	EV-AXIOM-PROJECTION-DICTIONARY	INLINE_CANON	inline	58fef832e0cc554195cbd27967c8ed00097d45c5ab9647c14ee349b6ccd3eea6	file-sha256	none
PI-FROM-J	EV-PI-FROM-J	INLINE_CANON	inline	58fef832e0cc554195cbd27967c8ed00097d45c5ab9647c14ee349b6ccd3eea6	file-sha256	none
J-GOLDEN-BRIDGE	EV-J-GOLDEN-BRIDGE	REPRODUCTION	reproduce/kernel	7bcd0d80c52bb1ee95f16cae06a9c38807f5810342eb1f57eaf8401c82dae50f	bundle-manifest-sha256-v1	two-architecture
J-STEP	EV-J-STEP	REPRODUCTION	reproduce/kernel	7bcd0d80c52bb1ee95f16cae06a9c38807f5810342eb1f57eaf8401c82dae50f	bundle-manifest-sha256-v1	two-architecture
J-MODULUS-CHORD	EV-J-MODULUS-CHORD	REPRODUCTION	reproduce/kernel	7bcd0d80c52bb1ee95f16cae06a9c38807f5810342eb1f57eaf8401c82dae50f	bundle-manifest-sha256-v1	two-architecture
J-TENTH-ROOT	EV-J-TENTH-ROOT	REPRODUCTION	reproduce/kernel	7bcd0d80c52bb1ee95f16cae06a9c38807f5810342eb1f57eaf8401c82dae50f	bundle-manifest-sha256-v1	two-architecture
J-RAMIFIED-CHORD	EV-J-RAMIFIED-CHORD	REPRODUCTION	reproduce/kernel	7bcd0d80c52bb1ee95f16cae06a9c38807f5810342eb1f57eaf8401c82dae50f	bundle-manifest-sha256-v1	two-architecture
PLENUM-POINT	EV-PLENUM-POINT	INLINE_CANON	inline	58fef832e0cc554195cbd27967c8ed00097d45c5ab9647c14ee349b6ccd3eea6	file-sha256	none
LOG-AXES-INDEPENDENCE	EV-LOG-AXES-INDEPENDENCE	INLINE_CANON	inline	58fef832e0cc554195cbd27967c8ed00097d45c5ab9647c14ee349b6ccd3eea6	file-sha256	none
ALPHA-SEED	EV-ALPHA-SEED	REPRODUCTION	reproduce/alpha-exact-lemma	d6f1bd887ed3946394b7faf9d8df73282ce5524ea2aa479fe988b53cf4cb3afd	bundle-manifest-sha256-v1	two-architecture
BORN-FACE-WEIGHTS	EV-BORN-FACE-WEIGHTS	REPRODUCTION	reproduce/born-faces	2b14baa7db26f02d0c4a16b3924e571518d673386179846f6fb7dc3192606d1e	bundle-manifest-sha256-v1	two-architecture
BORN-HALF-ANGLE	EV-BORN-HALF-ANGLE	REPRODUCTION	reproduce/born-quartet	3696f83f9f004e5ecf86ebd6d136f258ee106531b799fc3ce182b06ebed7be37	bundle-manifest-sha256-v1	two-architecture
BORN-RESIDUAL-SPLIT	EV-BORN-RESIDUAL-SPLIT	REPRODUCTION	reproduce/born-quartet	3696f83f9f004e5ecf86ebd6d136f258ee106531b799fc3ce182b06ebed7be37	bundle-manifest-sha256-v1	two-architecture
SPIN-BISECTOR	EV-SPIN-BISECTOR	REPRODUCTION	reproduce/born-quartet	3696f83f9f004e5ecf86ebd6d136f258ee106531b799fc3ce182b06ebed7be37	bundle-manifest-sha256-v1	two-architecture
BORN-ORDER-STAIRCASE	EV-BORN-ORDER-STAIRCASE	REPRODUCTION	reproduce/born-quartet	3696f83f9f004e5ecf86ebd6d136f258ee106531b799fc3ce182b06ebed7be37	bundle-manifest-sha256-v1	two-architecture
CENSUS-313	EV-CENSUS-313	REPRODUCTION	reproduce/census	5aa530644e128d684c5fbad9f94e49c3450019541537349bdf6420e84336fcb1	bundle-manifest-sha256-v1	one-architecture
CENSUS-Z5-SHEET	EV-CENSUS-Z5-SHEET	REPRODUCTION	reproduce/census	5aa530644e128d684c5fbad9f94e49c3450019541537349bdf6420e84336fcb1	bundle-manifest-sha256-v1	one-architecture
CENSUS-PAIRING	EV-CENSUS-PAIRING	REPRODUCTION	reproduce/census	5aa530644e128d684c5fbad9f94e49c3450019541537349bdf6420e84336fcb1	bundle-manifest-sha256-v1	one-architecture
CENSUS-HOSTING	EV-CENSUS-HOSTING	REPRODUCTION	reproduce/census	5aa530644e128d684c5fbad9f94e49c3450019541537349bdf6420e84336fcb1	bundle-manifest-sha256-v1	one-architecture
DIRAC-LADDER	EV-DIRAC-LADDER	REPRODUCTION	reproduce/dirac-ladder	3d794a1180ca4b3d314f57612e4525c0886c5e6f233b7dca65cd940e5b5c9ae7	bundle-manifest-sha256-v1	recorded-audit
LADDER-LIGHTCONE	EV-LADDER-LIGHTCONE	REPRODUCTION	reproduce/dirac-ladder	3d794a1180ca4b3d314f57612e4525c0886c5e6f233b7dca65cd940e5b5c9ae7	bundle-manifest-sha256-v1	two-architecture
SPINOR-FLOOR	EV-SPINOR-FLOOR	REPRODUCTION	reproduce/dirac-ladder	3d794a1180ca4b3d314f57612e4525c0886c5e6f233b7dca65cd940e5b5c9ae7	bundle-manifest-sha256-v1	two-architecture
FIB-ROOT-TIES	EV-FIB-ROOT-TIES	REPRODUCTION	reproduce/dirac-ladder	3d794a1180ca4b3d314f57612e4525c0886c5e6f233b7dca65cd940e5b5c9ae7	bundle-manifest-sha256-v1	two-architecture
FIB-ROOT-CARRIER	EV-FIB-ROOT-CARRIER	REPRODUCTION	reproduce/dirac-ladder	3d794a1180ca4b3d314f57612e4525c0886c5e6f233b7dca65cd940e5b5c9ae7	bundle-manifest-sha256-v1	recorded-audit
DIRAC-STEP-THEOREMS	EV-DIRAC-STEP-THEOREMS	REPRODUCTION	reproduce/dirac-ladder	3d794a1180ca4b3d314f57612e4525c0886c5e6f233b7dca65cd940e5b5c9ae7	bundle-manifest-sha256-v1	two-architecture
DIRAC-STEP	EV-DIRAC-STEP	REPRODUCTION	reproduce/dirac-ladder	3d794a1180ca4b3d314f57612e4525c0886c5e6f233b7dca65cd940e5b5c9ae7	bundle-manifest-sha256-v1	recorded-audit
LADDER-SPIN-PLACES	EV-LADDER-SPIN-PLACES	REPRODUCTION	reproduce/dirac-ladder	3d794a1180ca4b3d314f57612e4525c0886c5e6f233b7dca65cd940e5b5c9ae7	bundle-manifest-sha256-v1	two-architecture
CHECKERBOARD-GAUSS-TOWER	EV-CHECKERBOARD-GAUSS-TOWER	REPRODUCTION	reproduce/dirac-ladder	3d794a1180ca4b3d314f57612e4525c0886c5e6f233b7dca65cd940e5b5c9ae7	bundle-manifest-sha256-v1	two-architecture
FERMIONIZER	EV-FERMIONIZER	REPRODUCTION	reproduce/dirac-ladder	3d794a1180ca4b3d314f57612e4525c0886c5e6f233b7dca65cd940e5b5c9ae7	bundle-manifest-sha256-v1	two-architecture
LADDER-ALTERNATOR-BASIS	EV-LADDER-ALTERNATOR-BASIS	REPRODUCTION	reproduce/dirac-ladder	3d794a1180ca4b3d314f57612e4525c0886c5e6f233b7dca65cd940e5b5c9ae7	bundle-manifest-sha256-v1	two-architecture
TM-BREATH-TOWER	EV-TM-BREATH-TOWER	REPRODUCTION	reproduce/dirac-ladder	3d794a1180ca4b3d314f57612e4525c0886c5e6f233b7dca65cd940e5b5c9ae7	bundle-manifest-sha256-v1	two-architecture
BOOST-READING-SPLIT	EV-BOOST-READING-SPLIT	REPRODUCTION	reproduce/observer-boost	f7a4ea21ce9ae6bb414965f1e1c1122dc7c33b7126a84a56743289d18888a6b3	bundle-manifest-sha256-v1	two-architecture
BOOST-COUNT-LADDER	EV-BOOST-COUNT-LADDER	REPRODUCTION	reproduce/observer-boost	f7a4ea21ce9ae6bb414965f1e1c1122dc7c33b7126a84a56743289d18888a6b3	bundle-manifest-sha256-v1	recorded-audit
OBSERVER-ALTERNATOR	EV-OBSERVER-ALTERNATOR	REPRODUCTION	reproduce/observer-boost	f7a4ea21ce9ae6bb414965f1e1c1122dc7c33b7126a84a56743289d18888a6b3	bundle-manifest-sha256-v1	recorded-audit
BOOST-AXIS	EV-BOOST-AXIS	REPRODUCTION	reproduce/observer-boost	f7a4ea21ce9ae6bb414965f1e1c1122dc7c33b7126a84a56743289d18888a6b3	bundle-manifest-sha256-v1	recorded-audit
COLOR-RETURN-D5	EV-COLOR-RETURN-D5	REPRODUCTION	reproduce/color-ladder	993516aaf0509cc8083fa5cc39d2954294af7da479bfa3c829741f01b590de71	bundle-manifest-sha256-v1	two-architecture
COLOR-TORSOR-HOLONOMY	EV-COLOR-TORSOR-HOLONOMY	REPRODUCTION	reproduce/color-ladder	993516aaf0509cc8083fa5cc39d2954294af7da479bfa3c829741f01b590de71	bundle-manifest-sha256-v1	two-architecture
COLOR-SPLIT-12	EV-COLOR-SPLIT-12	REPRODUCTION	reproduce/color-ladder	993516aaf0509cc8083fa5cc39d2954294af7da479bfa3c829741f01b590de71	bundle-manifest-sha256-v1	recorded-audit
COLOR-LADDER-DICTIONARY	EV-COLOR-LADDER-DICTIONARY	INLINE_CANON	inline	58fef832e0cc554195cbd27967c8ed00097d45c5ab9647c14ee349b6ccd3eea6	file-sha256	none
COLOR-DYNAMICAL-COLOR	EV-COLOR-DYNAMICAL-COLOR	REPRODUCTION	reproduce/color-ladder	993516aaf0509cc8083fa5cc39d2954294af7da479bfa3c829741f01b590de71	bundle-manifest-sha256-v1	recorded-audit
COLOR-KIN-NORMALIZER	EV-COLOR-KIN-NORMALIZER	REPRODUCTION	reproduce/color-ladder	993516aaf0509cc8083fa5cc39d2954294af7da479bfa3c829741f01b590de71	bundle-manifest-sha256-v1	two-architecture
COLOR-KINEMATICAL-GL2	EV-COLOR-KINEMATICAL-GL2	REPRODUCTION	reproduce/color-ladder	993516aaf0509cc8083fa5cc39d2954294af7da479bfa3c829741f01b590de71	bundle-manifest-sha256-v1	recorded-audit
COLOR-CORE-2I	EV-COLOR-CORE-2I	REPRODUCTION	reproduce/color-ladder	993516aaf0509cc8083fa5cc39d2954294af7da479bfa3c829741f01b590de71	bundle-manifest-sha256-v1	two-architecture
COLOR-GOLDEN-TABLE	EV-COLOR-GOLDEN-TABLE	REPRODUCTION	reproduce/color-ladder	993516aaf0509cc8083fa5cc39d2954294af7da479bfa3c829741f01b590de71	bundle-manifest-sha256-v1	two-architecture
COLOR-MCKAY-E8	EV-COLOR-MCKAY-E8	REPRODUCTION	reproduce/color-ladder	993516aaf0509cc8083fa5cc39d2954294af7da479bfa3c829741f01b590de71	bundle-manifest-sha256-v1	two-architecture
COLOR-MOMENT-FINGERPRINT	EV-COLOR-MOMENT-FINGERPRINT	REPRODUCTION	reproduce/color-ladder	993516aaf0509cc8083fa5cc39d2954294af7da479bfa3c829741f01b590de71	bundle-manifest-sha256-v1	two-architecture
COLOR-SPECTRAL-INVARIANTS	EV-COLOR-SPECTRAL-INVARIANTS	REPRODUCTION	reproduce/color-ladder	993516aaf0509cc8083fa5cc39d2954294af7da479bfa3c829741f01b590de71	bundle-manifest-sha256-v1	two-architecture
COLOR-DICKSON-RAMIFICATION	EV-COLOR-DICKSON-RAMIFICATION	REPRODUCTION	reproduce/color-ladder	993516aaf0509cc8083fa5cc39d2954294af7da479bfa3c829741f01b590de71	bundle-manifest-sha256-v1	two-architecture
COLOR-KLEIN-REDUCTION	EV-COLOR-KLEIN-REDUCTION	REPRODUCTION	reproduce/color-ladder	993516aaf0509cc8083fa5cc39d2954294af7da479bfa3c829741f01b590de71	bundle-manifest-sha256-v1	two-architecture
COLOR-INTEGRAL-LIFT	EV-COLOR-INTEGRAL-LIFT	REPRODUCTION	reproduce/color-ladder	993516aaf0509cc8083fa5cc39d2954294af7da479bfa3c829741f01b590de71	bundle-manifest-sha256-v1	two-architecture
COLOR-MEASURE-TRANSPORT	EV-COLOR-MEASURE-TRANSPORT	REPRODUCTION	reproduce/color-ladder	993516aaf0509cc8083fa5cc39d2954294af7da479bfa3c829741f01b590de71	bundle-manifest-sha256-v1	two-architecture
KAHLER-CAPACITY	EV-KAHLER-CAPACITY	REPRODUCTION	reproduce/gravity-chain	df1c4ea51e07381dcf961046a81fbbcb5888a930f6c5ee0f5a1adf28bd947827	bundle-manifest-sha256-v1	two-architecture
FRW-CANONICAL-FORM	EV-FRW-CANONICAL-FORM	REPRODUCTION	reproduce/gravity-chain	df1c4ea51e07381dcf961046a81fbbcb5888a930f6c5ee0f5a1adf28bd947827	bundle-manifest-sha256-v1	two-architecture
GRAVITY-BRIDGE-LAW	EV-GRAVITY-BRIDGE-LAW	REPRODUCTION	reproduce/gravity-chain	df1c4ea51e07381dcf961046a81fbbcb5888a930f6c5ee0f5a1adf28bd947827	bundle-manifest-sha256-v1	recorded-audit
MU-TAU-COEFFICIENT	EV-MU-TAU-COEFFICIENT	REPRODUCTION	reproduce/mass-ladder	c05faa12ed4afe65734c0cfcbe4c848fd0b64bd2071edee883381d9231f85a59	bundle-manifest-sha256-v1	two-architecture
MU-EXCHANGE-IDENTITY	EV-MU-EXCHANGE-IDENTITY	REPRODUCTION	reproduce/mass-ladder	c05faa12ed4afe65734c0cfcbe4c848fd0b64bd2071edee883381d9231f85a59	bundle-manifest-sha256-v1	two-architecture
MASS-LADDER-FORMS	EV-MASS-LADDER-FORMS	REPRODUCTION	reproduce/mass-ladder	c05faa12ed4afe65734c0cfcbe4c848fd0b64bd2071edee883381d9231f85a59	bundle-manifest-sha256-v1	recorded-audit
PARITY-LAW	EV-PARITY-LAW	REPRODUCTION	reproduce/mass-ladder	c05faa12ed4afe65734c0cfcbe4c848fd0b64bd2071edee883381d9231f85a59	bundle-manifest-sha256-v1	two-architecture
BRIDGE-DEFECT	EV-BRIDGE-DEFECT	REPRODUCTION	reproduce/mass-ladder	c05faa12ed4afe65734c0cfcbe4c848fd0b64bd2071edee883381d9231f85a59	bundle-manifest-sha256-v1	two-architecture
WEINBERG-TREE	EV-WEINBERG-TREE	REPRODUCTION	reproduce/weinberg	7e3f6ba5e0f84ce4297cd2933eb40999fcbf3e53a92d81f0660972599f906d13	bundle-manifest-sha256-v1	two-architecture
HYPERCHARGE-LAW	EV-HYPERCHARGE-LAW	REPRODUCTION	reproduce/weinberg	7e3f6ba5e0f84ce4297cd2933eb40999fcbf3e53a92d81f0660972599f906d13	bundle-manifest-sha256-v1	two-architecture
WEINBERG-FORM	EV-WEINBERG-FORM	REPRODUCTION	reproduce/weinberg	7e3f6ba5e0f84ce4297cd2933eb40999fcbf3e53a92d81f0660972599f906d13	bundle-manifest-sha256-v1	recorded-audit
MAXWELL-BIANCHI	EV-MAXWELL-BIANCHI	REPRODUCTION	reproduce/maxwell	3a11cbcce3ad0eeca681c366ef7c697d1757918786d101c8af0f74266e6c2c8c	bundle-manifest-sha256-v1	two-architecture
MAXWELL-GAUSS-CHAIN	EV-MAXWELL-GAUSS-CHAIN	REPRODUCTION	reproduce/maxwell	3a11cbcce3ad0eeca681c366ef7c697d1757918786d101c8af0f74266e6c2c8c	bundle-manifest-sha256-v1	two-architecture
MAXWELL-AMPERE-CHAIN	EV-MAXWELL-AMPERE-CHAIN	REPRODUCTION	reproduce/maxwell	3a11cbcce3ad0eeca681c366ef7c697d1757918786d101c8af0f74266e6c2c8c	bundle-manifest-sha256-v1	two-architecture
MAXWELL-OBSTRUCTION-P	EV-MAXWELL-OBSTRUCTION-P	REPRODUCTION	reproduce/maxwell	3a11cbcce3ad0eeca681c366ef7c697d1757918786d101c8af0f74266e6c2c8c	bundle-manifest-sha256-v1	two-architecture
MAXWELL-CLOSED	EV-MAXWELL-CLOSED	REPRODUCTION	reproduce/maxwell	3a11cbcce3ad0eeca681c366ef7c697d1757918786d101c8af0f74266e6c2c8c	bundle-manifest-sha256-v1	recorded-audit
ALPHA-PREFACTOR-UNIFICATION	EV-ALPHA-PREFACTOR-UNIFICATION	REPRODUCTION	reproduce/alpha-value	4a45afab4af710a58884d4f63c05903d48bbbcbedb48536bd0eab7443a6b71a7	bundle-manifest-sha256-v1	two-architecture
ALPHA-FORM	EV-ALPHA-FORM	REPRODUCTION	reproduce/alpha-value	4a45afab4af710a58884d4f63c05903d48bbbcbedb48536bd0eab7443a6b71a7	bundle-manifest-sha256-v1	recorded-audit
ALPHA-VALUE-DIGITS	EV-ALPHA-VALUE-DIGITS	REPRODUCTION	reproduce/alpha-value	4a45afab4af710a58884d4f63c05903d48bbbcbedb48536bd0eab7443a6b71a7	bundle-manifest-sha256-v1	one-architecture
TT-LINEAR-ZERO	EV-TT-LINEAR-ZERO	REPRODUCTION	reproduce/cosmology-register	98a9425099666e47fb1cf4c48e72ab29fbc30ea9906a319d80ebc6cc1d3bdbdb	bundle-manifest-sha256-v1	two-architecture
TT-QUADRATIC-INDUCED	EV-TT-QUADRATIC-INDUCED	REPRODUCTION	reproduce/cosmology-register	98a9425099666e47fb1cf4c48e72ab29fbc30ea9906a319d80ebc6cc1d3bdbdb	bundle-manifest-sha256-v1	recorded-audit
GYRON-DENSITY	EV-GYRON-DENSITY	REPRODUCTION	reproduce/cosmology-register	98a9425099666e47fb1cf4c48e72ab29fbc30ea9906a319d80ebc6cc1d3bdbdb	bundle-manifest-sha256-v1	two-architecture
COSMOLOGY-READING-DICTIONARY	EV-COSMOLOGY-READING-DICTIONARY	INLINE_CANON	inline	58fef832e0cc554195cbd27967c8ed00097d45c5ab9647c14ee349b6ccd3eea6	file-sha256	none
COSMOLOGY-REGISTER	EV-COSMOLOGY-REGISTER	REPRODUCTION	reproduce/cosmology-register	98a9425099666e47fb1cf4c48e72ab29fbc30ea9906a319d80ebc6cc1d3bdbdb	bundle-manifest-sha256-v1	recorded-audit
CONFORMAL-PREFACTOR	EV-CONFORMAL-PREFACTOR	REPRODUCTION	reproduce/cosmology-register	98a9425099666e47fb1cf4c48e72ab29fbc30ea9906a319d80ebc6cc1d3bdbdb	bundle-manifest-sha256-v1	recorded-audit
TT-SQUARING-DECODER	EV-TT-SQUARING-DECODER	REPRODUCTION	reproduce/coupling-metrology	4521e13f3461b073293355ba794f5011900974543293fe469b4f06ed2290171b	bundle-manifest-sha256-v1	recorded-audit
SCHWARZSCHILD-TT-ENDPOINT	EV-SCHWARZSCHILD-TT-ENDPOINT	REPRODUCTION	reproduce/coupling-metrology	4521e13f3461b073293355ba794f5011900974543293fe469b4f06ed2290171b	bundle-manifest-sha256-v1	two-architecture
TT-QUADRATIC-GERM	EV-TT-QUADRATIC-GERM	REPRODUCTION	reproduce/coupling-metrology	4521e13f3461b073293355ba794f5011900974543293fe469b4f06ed2290171b	bundle-manifest-sha256-v1	recorded-audit
COUPLINGS-DETERMINE	EV-COUPLINGS-DETERMINE	REPRODUCTION	reproduce/coupling-metrology	4521e13f3461b073293355ba794f5011900974543293fe469b4f06ed2290171b	bundle-manifest-sha256-v1	two-architecture
DEWITT-TWELVES	EV-DEWITT-TWELVES	REPRODUCTION	reproduce/coupling-metrology	4521e13f3461b073293355ba794f5011900974543293fe469b4f06ed2290171b	bundle-manifest-sha256-v1	two-architecture
METRO-TICK	EV-METRO-TICK	REPRODUCTION	reproduce/coupling-metrology	4521e13f3461b073293355ba794f5011900974543293fe469b4f06ed2290171b	bundle-manifest-sha256-v1	two-architecture
MEASURE-SPATIAL-ONLY	EV-MEASURE-SPATIAL-ONLY	REPRODUCTION	reproduce/coupling-metrology	4521e13f3461b073293355ba794f5011900974543293fe469b4f06ed2290171b	bundle-manifest-sha256-v1	two-architecture
STRONG-SEED	EV-STRONG-SEED	REPRODUCTION	reproduce/coupling-metrology	4521e13f3461b073293355ba794f5011900974543293fe469b4f06ed2290171b	bundle-manifest-sha256-v1	recorded-audit
HYPERPLANE-BOUNDARY-CLASS	EV-HYPERPLANE-BOUNDARY-CLASS	REPRODUCTION	reproduce/hyperplane-codec	9477d13e62631171a4b33ebc0c130a7c2e9f5e45fe79073227f4a254c3592f35	bundle-manifest-sha256-v1	two-architecture
HYPERPLANE-BOUNDARY-REALIZATION	EV-HYPERPLANE-BOUNDARY-REALIZATION	REPRODUCTION	reproduce/hyperplane-codec	9477d13e62631171a4b33ebc0c130a7c2e9f5e45fe79073227f4a254c3592f35	bundle-manifest-sha256-v1	one-architecture
CODEC-TR4	EV-CODEC-TR4	REPRODUCTION	reproduce/hyperplane-codec	9477d13e62631171a4b33ebc0c130a7c2e9f5e45fe79073227f4a254c3592f35	bundle-manifest-sha256-v1	two-architecture
PHIBIT-NOT-TAU	EV-PHIBIT-NOT-TAU	REPRODUCTION	reproduce/hyperplane-codec	9477d13e62631171a4b33ebc0c130a7c2e9f5e45fe79073227f4a254c3592f35	bundle-manifest-sha256-v1	recorded-audit
KERNEL-WEDGE-AFFINITY	EV-KERNEL-WEDGE-AFFINITY	REPRODUCTION	reproduce/kernel-connectivity	8673c03c0b2105daf7895ea2ccffb0c85f57480071fce2ea9f9157c2f1786ba7	bundle-manifest-sha256-v1	two-architecture
KERNEL-WEDGE-COUPLING	EV-KERNEL-WEDGE-COUPLING	REPRODUCTION	reproduce/kernel-connectivity	8673c03c0b2105daf7895ea2ccffb0c85f57480071fce2ea9f9157c2f1786ba7	bundle-manifest-sha256-v1	two-architecture
KERNEL-WEDGE-LINEAR-STRATA	EV-KERNEL-WEDGE-LINEAR-STRATA	REPRODUCTION	reproduce/kernel-connectivity	8673c03c0b2105daf7895ea2ccffb0c85f57480071fce2ea9f9157c2f1786ba7	bundle-manifest-sha256-v1	two-architecture
KERNEL-WEDGE-AFFINE-MIX	EV-KERNEL-WEDGE-AFFINE-MIX	REPRODUCTION	reproduce/kernel-connectivity	8673c03c0b2105daf7895ea2ccffb0c85f57480071fce2ea9f9157c2f1786ba7	bundle-manifest-sha256-v1	two-architecture
KERNEL-CELL-COMPONENTS	EV-KERNEL-CELL-COMPONENTS	REPRODUCTION	reproduce/kernel-connectivity	8673c03c0b2105daf7895ea2ccffb0c85f57480071fce2ea9f9157c2f1786ba7	bundle-manifest-sha256-v1	one-architecture
KERNEL-MACRO-READING	EV-KERNEL-MACRO-READING	REPRODUCTION	reproduce/kernel-connectivity	8673c03c0b2105daf7895ea2ccffb0c85f57480071fce2ea9f9157c2f1786ba7	bundle-manifest-sha256-v1	recorded-audit
ODOMETER-INTERNALIZED	EV-ODOMETER-INTERNALIZED	REPRODUCTION	reproduce/foundations-places	feeb30a3320ddb88836b622414f795dfa778eaea7fbba0ece126b652ece5fea0	bundle-manifest-sha256-v1	recorded-audit
READING-SPLIT	EV-READING-SPLIT	INLINE_CANON	inline	58fef832e0cc554195cbd27967c8ed00097d45c5ab9647c14ee349b6ccd3eea6	file-sha256	none
TIME-QUANTUM-TOWER	EV-TIME-QUANTUM-TOWER	REPRODUCTION	reproduce/foundations-places	feeb30a3320ddb88836b622414f795dfa778eaea7fbba0ece126b652ece5fea0	bundle-manifest-sha256-v1	one-architecture
DEGREES-BY-PRIME	EV-DEGREES-BY-PRIME	REPRODUCTION	reproduce/foundations-places	feeb30a3320ddb88836b622414f795dfa778eaea7fbba0ece126b652ece5fea0	bundle-manifest-sha256-v1	two-architecture
Z2-PLACES-SPLIT	EV-Z2-PLACES-SPLIT	REPRODUCTION	reproduce/foundations-places	feeb30a3320ddb88836b622414f795dfa778eaea7fbba0ece126b652ece5fea0	bundle-manifest-sha256-v1	two-architecture
TWO-PLACE-PHYSICS	EV-TWO-PLACE-PHYSICS	INLINE_CANON	inline	58fef832e0cc554195cbd27967c8ed00097d45c5ab9647c14ee349b6ccd3eea6	file-sha256	none
I-BILOCATED	EV-I-BILOCATED	REPRODUCTION	reproduce/foundations-places	feeb30a3320ddb88836b622414f795dfa778eaea7fbba0ece126b652ece5fea0	bundle-manifest-sha256-v1	recorded-audit
SILVER-RING-FACTS	EV-SILVER-RING-FACTS	REPRODUCTION	reproduce/foundations-places	feeb30a3320ddb88836b622414f795dfa778eaea7fbba0ece126b652ece5fea0	bundle-manifest-sha256-v1	one-architecture
SILVER-SIBLING	EV-SILVER-SIBLING	REPRODUCTION	reproduce/foundations-places	feeb30a3320ddb88836b622414f795dfa778eaea7fbba0ece126b652ece5fea0	bundle-manifest-sha256-v1	recorded-audit
FORCE-WEYL-HOLONOMY	EV-FORCE-WEYL-HOLONOMY	REPRODUCTION	reproduce/force-born-dictionary	b1a2f643a2461efa55ae31b6fbb2819c82e270299acea11a4f4215d268be5804	bundle-manifest-sha256-v1	two-architecture
FORCE-AS-CURVATURE	EV-FORCE-AS-CURVATURE	INLINE_CANON	inline	58fef832e0cc554195cbd27967c8ed00097d45c5ab9647c14ee349b6ccd3eea6	file-sha256	none
COULOMB-GREEN-COMPUTATION	EV-COULOMB-GREEN-COMPUTATION	REPRODUCTION	reproduce/force-born-dictionary	b1a2f643a2461efa55ae31b6fbb2819c82e270299acea11a4f4215d268be5804	bundle-manifest-sha256-v1	one-architecture
COULOMB-PROJECTION	EV-COULOMB-PROJECTION	INLINE_CANON	inline	58fef832e0cc554195cbd27967c8ed00097d45c5ab9647c14ee349b6ccd3eea6	file-sha256	none
FORCE-POLAR-SIGN	EV-FORCE-POLAR-SIGN	INLINE_CANON	inline	58fef832e0cc554195cbd27967c8ed00097d45c5ab9647c14ee349b6ccd3eea6	file-sha256	none
ABELIAN-FACE-DICTIONARY	EV-ABELIAN-FACE-DICTIONARY	REPRODUCTION	reproduce/force-born-dictionary	b1a2f643a2461efa55ae31b6fbb2819c82e270299acea11a4f4215d268be5804	bundle-manifest-sha256-v1	recorded-audit
MEASURE-BORN-VERB	EV-MEASURE-BORN-VERB	REPRODUCTION	reproduce/force-born-dictionary	b1a2f643a2461efa55ae31b6fbb2819c82e270299acea11a4f4215d268be5804	bundle-manifest-sha256-v1	recorded-audit
KERNEL-CELL-DICTIONARY	EV-KERNEL-CELL-DICTIONARY	INLINE_CANON	inline	58fef832e0cc554195cbd27967c8ed00097d45c5ab9647c14ee349b6ccd3eea6	file-sha256	none
SUBSTRATE-KNIT	EV-SUBSTRATE-KNIT	REPRODUCTION	reproduce/force-born-dictionary	b1a2f643a2461efa55ae31b6fbb2819c82e270299acea11a4f4215d268be5804	bundle-manifest-sha256-v1	two-architecture
METRO-ADMISSIBILITY	EV-METRO-ADMISSIBILITY	INLINE_CANON	inline	58fef832e0cc554195cbd27967c8ed00097d45c5ab9647c14ee349b6ccd3eea6	file-sha256	none
METRO-EDGE-SCALE	EV-METRO-EDGE-SCALE	INLINE_CANON	inline	58fef832e0cc554195cbd27967c8ed00097d45c5ab9647c14ee349b6ccd3eea6	file-sha256	none
QUANT-SUBSTRATE	EV-QUANT-SUBSTRATE	INLINE_CANON	inline	58fef832e0cc554195cbd27967c8ed00097d45c5ab9647c14ee349b6ccd3eea6	file-sha256	none
COLOR-MEASURE-SELECTION	EV-COLOR-MEASURE-SELECTION	INLINE_CANON	inline	58fef832e0cc554195cbd27967c8ed00097d45c5ab9647c14ee349b6ccd3eea6	file-sha256	none
TT-SOURCE	EV-TT-SOURCE	INLINE_CANON	inline	58fef832e0cc554195cbd27967c8ed00097d45c5ab9647c14ee349b6ccd3eea6	file-sha256	none
QNM-LEAVER-MU	EV-QNM-LEAVER-MU	INLINE_CANON	inline	58fef832e0cc554195cbd27967c8ed00097d45c5ab9647c14ee349b6ccd3eea6	file-sha256	none
POL-READ	EV-POL-READ	INLINE_CANON	inline	58fef832e0cc554195cbd27967c8ed00097d45c5ab9647c14ee349b6ccd3eea6	file-sha256	none
TT-VECTOR-STATE-NORMALIZATION	EV-TT-VECTOR-STATE-NORMALIZATION	INLINE_CANON	inline	58fef832e0cc554195cbd27967c8ed00097d45c5ab9647c14ee349b6ccd3eea6	file-sha256	none
FRW-INHOM	EV-FRW-INHOM	INLINE_CANON	inline	58fef832e0cc554195cbd27967c8ed00097d45c5ab9647c14ee349b6ccd3eea6	file-sha256	none
DRESS-CROSSCOUNT	EV-DRESS-CROSSCOUNT	INLINE_CANON	inline	58fef832e0cc554195cbd27967c8ed00097d45c5ab9647c14ee349b6ccd3eea6	file-sha256	none
NS-TILT	EV-NS-TILT	INLINE_CANON	inline	58fef832e0cc554195cbd27967c8ed00097d45c5ab9647c14ee349b6ccd3eea6	file-sha256	none
DE-CONFORMAL-WEIGHT	EV-DE-CONFORMAL-WEIGHT	INLINE_CANON	inline	58fef832e0cc554195cbd27967c8ed00097d45c5ab9647c14ee349b6ccd3eea6	file-sha256	none
ALPHA-S-RUNNING	EV-ALPHA-S-RUNNING	INLINE_CANON	inline	58fef832e0cc554195cbd27967c8ed00097d45c5ab9647c14ee349b6ccd3eea6	file-sha256	none
SCHEME-DICTIONARY	EV-SCHEME-DICTIONARY	INLINE_CANON	inline	58fef832e0cc554195cbd27967c8ed00097d45c5ab9647c14ee349b6ccd3eea6	file-sha256	none
GENERATIONS-L3	EV-GENERATIONS-L3	INLINE_CANON	inline	58fef832e0cc554195cbd27967c8ed00097d45c5ab9647c14ee349b6ccd3eea6	file-sha256	none
SPIN-LIFT-FORCED	EV-SPIN-LIFT-FORCED	PUBLIC_PROBE	probes/P-SPIN-LIFT-FORCED-1	bda8e09a5de84f34c2a836cedfa44c902662556e14f60448dd6f3db0351464c7	bundle-manifest-sha256-v1	two-architecture
KC3-PLENUM-READOUT	EV-KC3-PLENUM-READOUT	INLINE_CANON	inline	58fef832e0cc554195cbd27967c8ed00097d45c5ab9647c14ee349b6ccd3eea6	file-sha256	none
QUADRATIC-ENVELOPE-DECODER	EV-QUADRATIC-ENVELOPE-DECODER	INLINE_CANON	inline	58fef832e0cc554195cbd27967c8ed00097d45c5ab9647c14ee349b6ccd3eea6	file-sha256	none
TM-SYM2-MEASURE	EV-TM-SYM2-MEASURE	INLINE_CANON	inline	58fef832e0cc554195cbd27967c8ed00097d45c5ab9647c14ee349b6ccd3eea6	file-sha256	none
QUADRATIC-DECODER-DATA	EV-QUADRATIC-DECODER-DATA	INLINE_CANON	inline	58fef832e0cc554195cbd27967c8ed00097d45c5ab9647c14ee349b6ccd3eea6	file-sha256	none
NEUTRON-DELTA-EM	EV-NEUTRON-DELTA-EM	INLINE_CANON	inline	58fef832e0cc554195cbd27967c8ed00097d45c5ab9647c14ee349b6ccd3eea6	file-sha256	none
PROTON-RESIDUAL-IS-QCD	EV-PROTON-RESIDUAL-IS-QCD	INLINE_CANON	inline	58fef832e0cc554195cbd27967c8ed00097d45c5ab9647c14ee349b6ccd3eea6	file-sha256	none
SQRT-PHI-TIME-GRAVITY	EV-SQRT-PHI-TIME-GRAVITY	INLINE_CANON	inline	58fef832e0cc554195cbd27967c8ed00097d45c5ab9647c14ee349b6ccd3eea6	file-sha256	none
KERNEL-CONNECT-ALL-K	EV-KERNEL-CONNECT-ALL-K	INLINE_CANON	inline	58fef832e0cc554195cbd27967c8ed00097d45c5ab9647c14ee349b6ccd3eea6	file-sha256	none
CURVATURE-HISTORICAL-TRACE	EV-CURVATURE-HISTORICAL-TRACE	PUBLIC_PROBE	probes/P-CURVATURE-TRACE-VALUE-1	c27b18fcb8bbd7b72b915c7121db834c626dda3aa440ea63def8cfb97bbfb5be	bundle-manifest-sha256-v1	two-architecture
CURVATURE-TRACE-VALUE	EV-CURVATURE-TRACE-VALUE	PUBLIC_PROBE	probes/P-CURVATURE-TRACE-VALUE-1	c27b18fcb8bbd7b72b915c7121db834c626dda3aa440ea63def8cfb97bbfb5be	bundle-manifest-sha256-v1	two-architecture
CURVATURE-OPERATOR-CANONICAL	EV-CURVATURE-OPERATOR-CANONICAL	INLINE_CANON	inline	58fef832e0cc554195cbd27967c8ed00097d45c5ab9647c14ee349b6ccd3eea6	file-sha256	none
OBSERVER-WRITE-PORT	EV-OBSERVER-WRITE-PORT	INLINE_CANON	inline	58fef832e0cc554195cbd27967c8ed00097d45c5ab9647c14ee349b6ccd3eea6	file-sha256	none
PHOTON-WINDOW-COORDINATES	EV-PHOTON-WINDOW-COORDINATES	REPRODUCTION	reproduce/photon-electron	62017db137c04883b1523c36ab13c894e651fd68dc4608e386027ecb82209810	bundle-manifest-sha256-v1	two-architecture
PHOTON-UNIVERSAL-BIT	EV-PHOTON-UNIVERSAL-BIT	REPRODUCTION	reproduce/photon-electron	62017db137c04883b1523c36ab13c894e651fd68dc4608e386027ecb82209810	bundle-manifest-sha256-v1	two-architecture
MONOPOLE-FIFTHS	EV-MONOPOLE-FIFTHS	REPRODUCTION	reproduce/photon-electron	62017db137c04883b1523c36ab13c894e651fd68dc4608e386027ecb82209810	bundle-manifest-sha256-v1	two-architecture
MONOPOLE-COST	EV-MONOPOLE-COST	REPRODUCTION	reproduce/photon-electron	62017db137c04883b1523c36ab13c894e651fd68dc4608e386027ecb82209810	bundle-manifest-sha256-v1	one-architecture
KAPPA-BOUNDS	EV-KAPPA-BOUNDS	REPRODUCTION	reproduce/photon-electron	62017db137c04883b1523c36ab13c894e651fd68dc4608e386027ecb82209810	bundle-manifest-sha256-v1	two-architecture
KAPPA-SHAPES	EV-KAPPA-SHAPES	REPRODUCTION	reproduce/photon-electron	62017db137c04883b1523c36ab13c894e651fd68dc4608e386027ecb82209810	bundle-manifest-sha256-v1	one-architecture
CENTER-SPLIT-RECIPROCITY	EV-CENTER-SPLIT-RECIPROCITY	REPRODUCTION	reproduce/photon-electron	62017db137c04883b1523c36ab13c894e651fd68dc4608e386027ecb82209810	bundle-manifest-sha256-v1	two-architecture
CENTER-SPLIT-CLOSURE	EV-CENTER-SPLIT-CLOSURE	REPRODUCTION	reproduce/photon-electron	62017db137c04883b1523c36ab13c894e651fd68dc4608e386027ecb82209810	bundle-manifest-sha256-v1	two-architecture
CENTER-SPLIT-SELECTION	EV-CENTER-SPLIT-SELECTION	REPRODUCTION	reproduce/photon-electron	62017db137c04883b1523c36ab13c894e651fd68dc4608e386027ecb82209810	bundle-manifest-sha256-v1	recorded-audit
ELECTRON-G-RATIO	EV-ELECTRON-G-RATIO	REPRODUCTION	reproduce/photon-electron	62017db137c04883b1523c36ab13c894e651fd68dc4608e386027ecb82209810	bundle-manifest-sha256-v1	two-architecture
ELECTRON-G-DOUBLE-COVER	EV-ELECTRON-G-DOUBLE-COVER	REPRODUCTION	reproduce/photon-electron	62017db137c04883b1523c36ab13c894e651fd68dc4608e386027ecb82209810	bundle-manifest-sha256-v1	two-architecture
ELECTRON-G-TREE	EV-ELECTRON-G-TREE	REPRODUCTION	reproduce/photon-electron	62017db137c04883b1523c36ab13c894e651fd68dc4608e386027ecb82209810	bundle-manifest-sha256-v1	recorded-audit
ELECTRON-SIGN-LAWS	EV-ELECTRON-SIGN-LAWS	REPRODUCTION	reproduce/photon-electron	62017db137c04883b1523c36ab13c894e651fd68dc4608e386027ecb82209810	bundle-manifest-sha256-v1	two-architecture
ELECTRON-SIGN	EV-ELECTRON-SIGN	REPRODUCTION	reproduce/photon-electron	62017db137c04883b1523c36ab13c894e651fd68dc4608e386027ecb82209810	bundle-manifest-sha256-v1	recorded-audit
PHOTON-WINDOW-PROOF	EV-PHOTON-WINDOW-PROOF	INLINE_CANON	inline	58fef832e0cc554195cbd27967c8ed00097d45c5ab9647c14ee349b6ccd3eea6	file-sha256	none
PENTIT-ROOT-FACTS	EV-PENTIT-ROOT-FACTS	REPRODUCTION	reproduce/pentit-p5-closure	c5fdcd9781ef68345d99cb4868dc50088531fa03ef92a42902d58718d638808a	bundle-manifest-sha256-v1	two-architecture
PENTIT-ROOT-READING	EV-PENTIT-ROOT-READING	REPRODUCTION	reproduce/pentit-p5-closure	c5fdcd9781ef68345d99cb4868dc50088531fa03ef92a42902d58718d638808a	bundle-manifest-sha256-v1	recorded-audit
MAGIC-PRIME-GATE	EV-MAGIC-PRIME-GATE	REPRODUCTION	reproduce/pentit-p5-closure	c5fdcd9781ef68345d99cb4868dc50088531fa03ef92a42902d58718d638808a	bundle-manifest-sha256-v1	two-architecture
QUBIT-FROM-F5	EV-QUBIT-FROM-F5	REPRODUCTION	reproduce/pentit-p5-closure	c5fdcd9781ef68345d99cb4868dc50088531fa03ef92a42902d58718d638808a	bundle-manifest-sha256-v1	two-architecture
BELL-MAGIC-BOUNDARY	EV-BELL-MAGIC-BOUNDARY	PUBLIC_PROBE	probes/P-BELL-MAGIC-BOUNDARY-1	93fd7d77c575886c409175a00404c2f3815779a7d69d56b05dd93e11f835391e	bundle-manifest-sha256-v1	two-architecture
P5-ROOT-SELECTION	EV-P5-ROOT-SELECTION	REPRODUCTION	reproduce/pentit-p5-closure	c5fdcd9781ef68345d99cb4868dc50088531fa03ef92a42902d58718d638808a	bundle-manifest-sha256-v1	two-architecture
ENTROPY-LAYER-BRIDGE	EV-ENTROPY-LAYER-BRIDGE	PUBLIC_PROBE	probes/P-ENTROPY-BRIDGE-1	96cca583006f7090d094fd4a025a78e6ee4f98fb7627af7c880f829beafccb57	bundle-manifest-sha256-v1	two-architecture
ENTROPY-CYLINDER-CUT	EV-ENTROPY-CYLINDER-CUT	PUBLIC_PROBE	probes/P-ENTROPY-BRIDGE-2	950f20397d23f395730e408a2400804c8a8dded2ac1c5e515e86a2f96ebd5f29	bundle-manifest-sha256-v1	two-architecture
ENTROPY-LIFT-DEFECT	EV-ENTROPY-LIFT-DEFECT	PUBLIC_PROBE	probes/P-ENTROPY-BRIDGE-1	96cca583006f7090d094fd4a025a78e6ee4f98fb7627af7c880f829beafccb57	bundle-manifest-sha256-v1	two-architecture
ENTROPY-JOINT-CESARO-LAW	EV-ENTROPY-JOINT-CESARO-LAW	PUBLIC_PROBE	probes/P-ENTROPY-BRIDGE-1	96cca583006f7090d094fd4a025a78e6ee4f98fb7627af7c880f829beafccb57	bundle-manifest-sha256-v1	two-architecture
ENTROPY-BLOCK-HALVING	EV-ENTROPY-BLOCK-HALVING	PUBLIC_PROBE	probes/P-ENTROPY-BRIDGE-2	950f20397d23f395730e408a2400804c8a8dded2ac1c5e515e86a2f96ebd5f29	bundle-manifest-sha256-v1	two-architecture
ENTROPY-LIVING-SET	EV-ENTROPY-LIVING-SET	PUBLIC_PROBE	probes/P-ENTROPY-BRIDGE-3	e284f0144fce54463f785de28e13e89010992561246cfcbec22a13988d7492bc	bundle-manifest-sha256-v1	two-architecture
ENTROPY-UNIQUE-PAST	EV-ENTROPY-UNIQUE-PAST	PUBLIC_PROBE	probes/P-ENTROPY-BRIDGE-3	e284f0144fce54463f785de28e13e89010992561246cfcbec22a13988d7492bc	bundle-manifest-sha256-v1	two-architecture
ENTROPY-COUNT-MATCH	EV-ENTROPY-COUNT-MATCH	PUBLIC_PROBE	probes/P-ENTROPY-BRIDGE-3	e284f0144fce54463f785de28e13e89010992561246cfcbec22a13988d7492bc	bundle-manifest-sha256-v1	two-architecture
