event_id	event_sequence	event_date	release	claim_id	event_type	previous_status	new_status	scope_sha256	evidence_id	evidence_location	evidence_sha256	rationale
GENESIS-J-UNIT	1	2026-07-13	canon-v1-genesis	J-UNIT	DECLARE	-	T	c8c50ed1bf018e72b5b66390c458bb0d257fb6ace5cd66e4f65fa7a449fb8b6b	EV-J-UNIT	reproduce/kernel	7bcd0d80c52bb1ee95f16cae06a9c38807f5810342eb1f57eaf8401c82dae50f	Initial public declaration; pre-public mapping remains in legacy/CUTOVER_AUDIT.md
GENESIS-J-PROJECTIONS	1	2026-07-13	canon-v1-genesis	J-PROJECTIONS	DECLARE	-	T	61877f7d0b757bc8a3e6d7fa2699ab2d40f1976258d7241f797bc53fe766b408	EV-J-PROJECTIONS	inline	e75eae45be3a5433980272a670d3a3cd140c40f39d9bbaed5c5ee56a6b9a7f2c	Initial public declaration; pre-public mapping remains in legacy/CUTOVER_AUDIT.md
GENESIS-AXIOM-PROJECTION-DICTIONARY	1	2026-07-13	canon-v1-genesis	AXIOM-PROJECTION-DICTIONARY	DECLARE	-	D	a828a2307412308876c209f660579d360252b3bd5626ed3f83d5967c2f971a02	EV-AXIOM-PROJECTION-DICTIONARY	inline	e75eae45be3a5433980272a670d3a3cd140c40f39d9bbaed5c5ee56a6b9a7f2c	Initial public declaration; pre-public mapping remains in legacy/CUTOVER_AUDIT.md
GENESIS-PI-FROM-J	1	2026-07-13	canon-v1-genesis	PI-FROM-J	DECLARE	-	T	e4e8580b30cbf009a04e887d6f926b83744d19a8996d709468ac68b8d898ffff	EV-PI-FROM-J	inline	e75eae45be3a5433980272a670d3a3cd140c40f39d9bbaed5c5ee56a6b9a7f2c	Initial public declaration; pre-public mapping remains in legacy/CUTOVER_AUDIT.md
GENESIS-J-GOLDEN-BRIDGE	1	2026-07-13	canon-v1-genesis	J-GOLDEN-BRIDGE	DECLARE	-	T	2d700147dfa7b280a5f86456702f2f9ec36d7f64cc92748e1deadac57bb59ade	EV-J-GOLDEN-BRIDGE	reproduce/kernel	7bcd0d80c52bb1ee95f16cae06a9c38807f5810342eb1f57eaf8401c82dae50f	Initial public declaration; pre-public mapping remains in legacy/CUTOVER_AUDIT.md
GENESIS-J-STEP	1	2026-07-13	canon-v1-genesis	J-STEP	DECLARE	-	T	12e1b40135d645e39b0925a0aa897796fa29ce53d75e5e1d53e4d030176ee303	EV-J-STEP	reproduce/kernel	7bcd0d80c52bb1ee95f16cae06a9c38807f5810342eb1f57eaf8401c82dae50f	Initial public declaration; pre-public mapping remains in legacy/CUTOVER_AUDIT.md
GENESIS-J-MODULUS-CHORD	1	2026-07-13	canon-v1-genesis	J-MODULUS-CHORD	DECLARE	-	T	0c4603e77aa4485a3ac0d0a65477bc6022a48052a2f410eff9bea3804bc52faa	EV-J-MODULUS-CHORD	reproduce/kernel	7bcd0d80c52bb1ee95f16cae06a9c38807f5810342eb1f57eaf8401c82dae50f	Initial public declaration; pre-public mapping remains in legacy/CUTOVER_AUDIT.md
GENESIS-J-TENTH-ROOT	1	2026-07-13	canon-v1-genesis	J-TENTH-ROOT	DECLARE	-	T	2d700147dfa7b280a5f86456702f2f9ec36d7f64cc92748e1deadac57bb59ade	EV-J-TENTH-ROOT	reproduce/kernel	7bcd0d80c52bb1ee95f16cae06a9c38807f5810342eb1f57eaf8401c82dae50f	Initial public declaration; pre-public mapping remains in legacy/CUTOVER_AUDIT.md
GENESIS-J-RAMIFIED-CHORD	1	2026-07-13	canon-v1-genesis	J-RAMIFIED-CHORD	DECLARE	-	T	2d700147dfa7b280a5f86456702f2f9ec36d7f64cc92748e1deadac57bb59ade	EV-J-RAMIFIED-CHORD	reproduce/kernel	7bcd0d80c52bb1ee95f16cae06a9c38807f5810342eb1f57eaf8401c82dae50f	Initial public declaration; pre-public mapping remains in legacy/CUTOVER_AUDIT.md
GENESIS-PLENUM-POINT	1	2026-07-13	canon-v1-genesis	PLENUM-POINT	DECLARE	-	T	8c591a20ff64eba8d6d544c19930da3f7bf71d2d0a5f878848bd1f89951ab11e	EV-PLENUM-POINT	inline	e75eae45be3a5433980272a670d3a3cd140c40f39d9bbaed5c5ee56a6b9a7f2c	Initial public declaration; pre-public mapping remains in legacy/CUTOVER_AUDIT.md
GENESIS-LOG-AXES-INDEPENDENCE	1	2026-07-13	canon-v1-genesis	LOG-AXES-INDEPENDENCE	DECLARE	-	T	40d4eb54145f0c9a17a6a0b4c6a9bfb641c668e647f13dccadf05e919a1020c6	EV-LOG-AXES-INDEPENDENCE	inline	e75eae45be3a5433980272a670d3a3cd140c40f39d9bbaed5c5ee56a6b9a7f2c	Initial public declaration; pre-public mapping remains in legacy/CUTOVER_AUDIT.md
GENESIS-ALPHA-SEED	1	2026-07-13	canon-v1-genesis	ALPHA-SEED	DECLARE	-	T	7d0e985490061938309b75689cf54bb2c5a06ce90196f355f2bcdf1c1ef28d94	EV-ALPHA-SEED	reproduce/alpha-exact-lemma	d6f1bd887ed3946394b7faf9d8df73282ce5524ea2aa479fe988b53cf4cb3afd	Initial public declaration; pre-public mapping remains in legacy/CUTOVER_AUDIT.md
GENESIS-BORN-FACE-WEIGHTS	1	2026-07-13	canon-v1-genesis	BORN-FACE-WEIGHTS	DECLARE	-	T	163c70a7b840a5ef11e0e67d401e6dde542c27d067e50f0aea2709f670e62f70	EV-BORN-FACE-WEIGHTS	reproduce/born-faces	2b14baa7db26f02d0c4a16b3924e571518d673386179846f6fb7dc3192606d1e	Initial public declaration; pre-public mapping remains in legacy/CUTOVER_AUDIT.md
GENESIS-BORN-HALF-ANGLE	1	2026-07-13	canon-v1-genesis	BORN-HALF-ANGLE	DECLARE	-	T	c2b37ef2ca1933700c631d5e8cb687a4ab23af88ed1f85058479fcbd5382940f	EV-BORN-HALF-ANGLE	reproduce/born-quartet	3696f83f9f004e5ecf86ebd6d136f258ee106531b799fc3ce182b06ebed7be37	Initial public declaration; pre-public mapping remains in legacy/CUTOVER_AUDIT.md
GENESIS-BORN-RESIDUAL-SPLIT	1	2026-07-13	canon-v1-genesis	BORN-RESIDUAL-SPLIT	DECLARE	-	T	b8ddd24030cfdd70810af6f900a748f09b36d1baf935ea9eb0ebdaf162d89615	EV-BORN-RESIDUAL-SPLIT	reproduce/born-quartet	3696f83f9f004e5ecf86ebd6d136f258ee106531b799fc3ce182b06ebed7be37	Initial public declaration; pre-public mapping remains in legacy/CUTOVER_AUDIT.md
GENESIS-SPIN-BISECTOR	1	2026-07-13	canon-v1-genesis	SPIN-BISECTOR	DECLARE	-	T	8fd0c4c05b2cd649ac992312a266c746cd15c0ef0d264c241abf3e80bc6f3b76	EV-SPIN-BISECTOR	reproduce/born-quartet	3696f83f9f004e5ecf86ebd6d136f258ee106531b799fc3ce182b06ebed7be37	Initial public declaration; pre-public mapping remains in legacy/CUTOVER_AUDIT.md
GENESIS-BORN-ORDER-STAIRCASE	1	2026-07-13	canon-v1-genesis	BORN-ORDER-STAIRCASE	DECLARE	-	T	1ffbbf2bfef0c6b53f1e828f89c2389f3ff237199b80561bc0836392ba3af185	EV-BORN-ORDER-STAIRCASE	reproduce/born-quartet	3696f83f9f004e5ecf86ebd6d136f258ee106531b799fc3ce182b06ebed7be37	Initial public declaration; pre-public mapping remains in legacy/CUTOVER_AUDIT.md
GENESIS-CENSUS-313	1	2026-07-13	canon-v1-genesis	CENSUS-313	DECLARE	-	C	fee6dabf7275a2c457d3c50d0cb6900092565ecb296d1eb63d54663a25cc12e8	EV-CENSUS-313	reproduce/census	5aa530644e128d684c5fbad9f94e49c3450019541537349bdf6420e84336fcb1	Initial public declaration; pre-public mapping remains in legacy/CUTOVER_AUDIT.md
GENESIS-CENSUS-Z5-SHEET	1	2026-07-13	canon-v1-genesis	CENSUS-Z5-SHEET	DECLARE	-	C	cbe3f98132da930aae94d5d40067389066440beaf0ccd207bc0ca9cfda330916	EV-CENSUS-Z5-SHEET	reproduce/census	5aa530644e128d684c5fbad9f94e49c3450019541537349bdf6420e84336fcb1	Initial public declaration; pre-public mapping remains in legacy/CUTOVER_AUDIT.md
GENESIS-CENSUS-PAIRING	1	2026-07-13	canon-v1-genesis	CENSUS-PAIRING	DECLARE	-	C	cfed261acd866a9d613c6efb9618a097417a836ffdeaf9f9297f8d8d676386b1	EV-CENSUS-PAIRING	reproduce/census	5aa530644e128d684c5fbad9f94e49c3450019541537349bdf6420e84336fcb1	Initial public declaration; pre-public mapping remains in legacy/CUTOVER_AUDIT.md
GENESIS-CENSUS-HOSTING	1	2026-07-13	canon-v1-genesis	CENSUS-HOSTING	DECLARE	-	C	97824109f137907b155421ee243117516ec3369073f838fc0610ea5bbaaa72fe	EV-CENSUS-HOSTING	reproduce/census	5aa530644e128d684c5fbad9f94e49c3450019541537349bdf6420e84336fcb1	Initial public declaration; pre-public mapping remains in legacy/CUTOVER_AUDIT.md
GENESIS-DIRAC-LADDER	1	2026-07-13	canon-v1-genesis	DIRAC-LADDER	DECLARE	-	D	a7ff8d5ce0cbdfd8a8ed02b6fec5094590cb33cbf2e01c584b064a312c1a70e6	EV-DIRAC-LADDER	reproduce/dirac-ladder	3d794a1180ca4b3d314f57612e4525c0886c5e6f233b7dca65cd940e5b5c9ae7	Initial public declaration; pre-public mapping remains in legacy/CUTOVER_AUDIT.md
GENESIS-LADDER-LIGHTCONE	1	2026-07-13	canon-v1-genesis	LADDER-LIGHTCONE	DECLARE	-	T	b0fa2c61bebd74de53177213630988331796c3eb6b0abcdf2737978556aa32a3	EV-LADDER-LIGHTCONE	reproduce/dirac-ladder	3d794a1180ca4b3d314f57612e4525c0886c5e6f233b7dca65cd940e5b5c9ae7	Initial public declaration; pre-public mapping remains in legacy/CUTOVER_AUDIT.md
GENESIS-SPINOR-FLOOR	1	2026-07-13	canon-v1-genesis	SPINOR-FLOOR	DECLARE	-	T	5a8b2606378a2f10f30c54fb8caae5e47ea353b2995a735ffb198ee2bdb57a46	EV-SPINOR-FLOOR	reproduce/dirac-ladder	3d794a1180ca4b3d314f57612e4525c0886c5e6f233b7dca65cd940e5b5c9ae7	Initial public declaration; pre-public mapping remains in legacy/CUTOVER_AUDIT.md
GENESIS-FIB-ROOT-TIES	1	2026-07-13	canon-v1-genesis	FIB-ROOT-TIES	DECLARE	-	T	26a2a63ccef7cc6273aa281f1e6b2196a6c5586a2c3b17c8328b4bca37e6d364	EV-FIB-ROOT-TIES	reproduce/dirac-ladder	3d794a1180ca4b3d314f57612e4525c0886c5e6f233b7dca65cd940e5b5c9ae7	Initial public declaration; pre-public mapping remains in legacy/CUTOVER_AUDIT.md
GENESIS-FIB-ROOT-CARRIER	1	2026-07-13	canon-v1-genesis	FIB-ROOT-CARRIER	DECLARE	-	D	62c5f4fb20109bbe17ceaaa9a2353c41a814d4a7da5ba35ca30625ffd993faab	EV-FIB-ROOT-CARRIER	reproduce/dirac-ladder	3d794a1180ca4b3d314f57612e4525c0886c5e6f233b7dca65cd940e5b5c9ae7	Initial public declaration; pre-public mapping remains in legacy/CUTOVER_AUDIT.md
GENESIS-DIRAC-STEP-THEOREMS	1	2026-07-13	canon-v1-genesis	DIRAC-STEP-THEOREMS	DECLARE	-	T	a5e3aed763ce85942ea59a57c9f5d6b1c4ae7c99dd7c441e8147e27b286fedf6	EV-DIRAC-STEP-THEOREMS	reproduce/dirac-ladder	3d794a1180ca4b3d314f57612e4525c0886c5e6f233b7dca65cd940e5b5c9ae7	Initial public declaration; pre-public mapping remains in legacy/CUTOVER_AUDIT.md
GENESIS-DIRAC-STEP	1	2026-07-13	canon-v1-genesis	DIRAC-STEP	DECLARE	-	D	4c9661ebcb999f968330522fe02e772bdaf4b68dc83b6d0604a153fb80895899	EV-DIRAC-STEP	reproduce/dirac-ladder	3d794a1180ca4b3d314f57612e4525c0886c5e6f233b7dca65cd940e5b5c9ae7	Initial public declaration; pre-public mapping remains in legacy/CUTOVER_AUDIT.md
GENESIS-LADDER-SPIN-PLACES	1	2026-07-13	canon-v1-genesis	LADDER-SPIN-PLACES	DECLARE	-	T	59075a5e9397905141c33e3e03bf1ea5467adbd9d47dc75fccd5d59f547055f0	EV-LADDER-SPIN-PLACES	reproduce/dirac-ladder	3d794a1180ca4b3d314f57612e4525c0886c5e6f233b7dca65cd940e5b5c9ae7	Initial public declaration; pre-public mapping remains in legacy/CUTOVER_AUDIT.md
GENESIS-CHECKERBOARD-GAUSS-TOWER	1	2026-07-13	canon-v1-genesis	CHECKERBOARD-GAUSS-TOWER	DECLARE	-	T	48118c4fbf73d8f58ce8432b7bc1b04b6adddb63d9f4e7e25e8cde98840a8b48	EV-CHECKERBOARD-GAUSS-TOWER	reproduce/dirac-ladder	3d794a1180ca4b3d314f57612e4525c0886c5e6f233b7dca65cd940e5b5c9ae7	Initial public declaration; pre-public mapping remains in legacy/CUTOVER_AUDIT.md
GENESIS-FERMIONIZER	1	2026-07-13	canon-v1-genesis	FERMIONIZER	DECLARE	-	T	86e93b4a79352732a78e35a56daab715d7d46ea886aac828c4d5eb99489072c7	EV-FERMIONIZER	reproduce/dirac-ladder	3d794a1180ca4b3d314f57612e4525c0886c5e6f233b7dca65cd940e5b5c9ae7	Initial public declaration; pre-public mapping remains in legacy/CUTOVER_AUDIT.md
GENESIS-LADDER-ALTERNATOR-BASIS	1	2026-07-13	canon-v1-genesis	LADDER-ALTERNATOR-BASIS	DECLARE	-	T	9063f628ca6c1a768a905019fadf2fc67136a9cd47dde11556573efd5614dbdf	EV-LADDER-ALTERNATOR-BASIS	reproduce/dirac-ladder	3d794a1180ca4b3d314f57612e4525c0886c5e6f233b7dca65cd940e5b5c9ae7	Initial public declaration; pre-public mapping remains in legacy/CUTOVER_AUDIT.md
GENESIS-TM-BREATH-TOWER	1	2026-07-13	canon-v1-genesis	TM-BREATH-TOWER	DECLARE	-	T	0de7cad6e95f4ee7430793d3db969c442cba55e0abb311f0e9fe42bb1c7c3a90	EV-TM-BREATH-TOWER	reproduce/dirac-ladder	3d794a1180ca4b3d314f57612e4525c0886c5e6f233b7dca65cd940e5b5c9ae7	Initial public declaration; pre-public mapping remains in legacy/CUTOVER_AUDIT.md
GENESIS-BOOST-READING-SPLIT	1	2026-07-13	canon-v1-genesis	BOOST-READING-SPLIT	DECLARE	-	T	ca7a41aa2b898132c00f4142e811026fbc37db9271eaa533225175c46b283c7b	EV-BOOST-READING-SPLIT	reproduce/observer-boost	f7a4ea21ce9ae6bb414965f1e1c1122dc7c33b7126a84a56743289d18888a6b3	Initial public declaration; pre-public mapping remains in legacy/CUTOVER_AUDIT.md
GENESIS-BOOST-COUNT-LADDER	1	2026-07-13	canon-v1-genesis	BOOST-COUNT-LADDER	DECLARE	-	D	d1ec5ad922342b3e14c7802e501d3deda38a3749849db1167afffd0945cbc097	EV-BOOST-COUNT-LADDER	reproduce/observer-boost	f7a4ea21ce9ae6bb414965f1e1c1122dc7c33b7126a84a56743289d18888a6b3	Initial public declaration; pre-public mapping remains in legacy/CUTOVER_AUDIT.md
GENESIS-OBSERVER-ALTERNATOR	1	2026-07-13	canon-v1-genesis	OBSERVER-ALTERNATOR	DECLARE	-	D	17cd08b60f4a3e1021b64c97128c9c943aede27fbc27c89a915715cd1c72a10f	EV-OBSERVER-ALTERNATOR	reproduce/observer-boost	f7a4ea21ce9ae6bb414965f1e1c1122dc7c33b7126a84a56743289d18888a6b3	Initial public declaration; pre-public mapping remains in legacy/CUTOVER_AUDIT.md
GENESIS-BOOST-AXIS	1	2026-07-13	canon-v1-genesis	BOOST-AXIS	DECLARE	-	D	e0004a2610bb2c96125999b63f4d31e68f8cb5fdf24ecf4f186579ffcd053ee1	EV-BOOST-AXIS	reproduce/observer-boost	f7a4ea21ce9ae6bb414965f1e1c1122dc7c33b7126a84a56743289d18888a6b3	Initial public declaration; pre-public mapping remains in legacy/CUTOVER_AUDIT.md
GENESIS-COLOR-RETURN-D5	1	2026-07-13	canon-v1-genesis	COLOR-RETURN-D5	DECLARE	-	T	ef3f575e5fd2c504be87af241d8b97412cac6961db1389a21cca6bcf221e507e	EV-COLOR-RETURN-D5	reproduce/color-ladder	993516aaf0509cc8083fa5cc39d2954294af7da479bfa3c829741f01b590de71	Initial public declaration; pre-public mapping remains in legacy/CUTOVER_AUDIT.md
GENESIS-COLOR-TORSOR-HOLONOMY	1	2026-07-13	canon-v1-genesis	COLOR-TORSOR-HOLONOMY	DECLARE	-	T	a13602ab7011186b3a4ef3605d068f571a2493f861d8e29b92fb4572c308f387	EV-COLOR-TORSOR-HOLONOMY	reproduce/color-ladder	993516aaf0509cc8083fa5cc39d2954294af7da479bfa3c829741f01b590de71	Initial public declaration; pre-public mapping remains in legacy/CUTOVER_AUDIT.md
GENESIS-COLOR-SPLIT-12	1	2026-07-13	canon-v1-genesis	COLOR-SPLIT-12	DECLARE	-	D	7f4785e6106062beb6eb4b1e23fd3d0abb5c6146f6db72f0a96d43006d056b29	EV-COLOR-SPLIT-12	reproduce/color-ladder	993516aaf0509cc8083fa5cc39d2954294af7da479bfa3c829741f01b590de71	Initial public declaration; pre-public mapping remains in legacy/CUTOVER_AUDIT.md
GENESIS-COLOR-LADDER-DICTIONARY	1	2026-07-13	canon-v1-genesis	COLOR-LADDER-DICTIONARY	DECLARE	-	D	a79570f964b98ce6dbd466557576d512ebf87bedc6716abb3b4409acb5d705b3	EV-COLOR-LADDER-DICTIONARY	inline	e75eae45be3a5433980272a670d3a3cd140c40f39d9bbaed5c5ee56a6b9a7f2c	Initial public declaration; pre-public mapping remains in legacy/CUTOVER_AUDIT.md
GENESIS-COLOR-DYNAMICAL-COLOR	1	2026-07-13	canon-v1-genesis	COLOR-DYNAMICAL-COLOR	DECLARE	-	F	a07cf013f33b70b08459bc065e3351fd5b9439ef7f0af2322eb1f70055019cac	EV-COLOR-DYNAMICAL-COLOR	reproduce/color-ladder	993516aaf0509cc8083fa5cc39d2954294af7da479bfa3c829741f01b590de71	Initial public declaration; pre-public mapping remains in legacy/CUTOVER_AUDIT.md
GENESIS-COLOR-KIN-NORMALIZER	1	2026-07-13	canon-v1-genesis	COLOR-KIN-NORMALIZER	DECLARE	-	T	419ecf8399edafaa835a7c3a723a57acc1b21a81ab84dd5c1b5d9d99edfbdc81	EV-COLOR-KIN-NORMALIZER	reproduce/color-ladder	993516aaf0509cc8083fa5cc39d2954294af7da479bfa3c829741f01b590de71	Initial public declaration; pre-public mapping remains in legacy/CUTOVER_AUDIT.md
GENESIS-COLOR-KINEMATICAL-GL2	1	2026-07-13	canon-v1-genesis	COLOR-KINEMATICAL-GL2	DECLARE	-	D	4f12c8edc30cfbdf16bde46805f62575efaad5a4ae7b8b4c36f94228d4764fec	EV-COLOR-KINEMATICAL-GL2	reproduce/color-ladder	993516aaf0509cc8083fa5cc39d2954294af7da479bfa3c829741f01b590de71	Initial public declaration; pre-public mapping remains in legacy/CUTOVER_AUDIT.md
GENESIS-COLOR-CORE-2I	1	2026-07-13	canon-v1-genesis	COLOR-CORE-2I	DECLARE	-	T	62ba5a6ba901bdc566684d831a1b351f84fc8125e5c10293295055e0837a3fac	EV-COLOR-CORE-2I	reproduce/color-ladder	993516aaf0509cc8083fa5cc39d2954294af7da479bfa3c829741f01b590de71	Initial public declaration; pre-public mapping remains in legacy/CUTOVER_AUDIT.md
GENESIS-COLOR-GOLDEN-TABLE	1	2026-07-13	canon-v1-genesis	COLOR-GOLDEN-TABLE	DECLARE	-	T	ced9e557b3f806246ab61463dbd11364373625997fafbcb5dfce929cd2dccbdc	EV-COLOR-GOLDEN-TABLE	reproduce/color-ladder	993516aaf0509cc8083fa5cc39d2954294af7da479bfa3c829741f01b590de71	Initial public declaration; pre-public mapping remains in legacy/CUTOVER_AUDIT.md
GENESIS-COLOR-MCKAY-E8	1	2026-07-13	canon-v1-genesis	COLOR-MCKAY-E8	DECLARE	-	T	044d6d9b8f0ce249021f1a245cc5f4b51c1d2a1cdc968ff61e45435e678e4072	EV-COLOR-MCKAY-E8	reproduce/color-ladder	993516aaf0509cc8083fa5cc39d2954294af7da479bfa3c829741f01b590de71	Initial public declaration; pre-public mapping remains in legacy/CUTOVER_AUDIT.md
GENESIS-COLOR-MOMENT-FINGERPRINT	1	2026-07-13	canon-v1-genesis	COLOR-MOMENT-FINGERPRINT	DECLARE	-	T	80b6de894ceb2da3f64e5c7596ae27abc320df42ac78a3e36c5b18621dfc61cd	EV-COLOR-MOMENT-FINGERPRINT	reproduce/color-ladder	993516aaf0509cc8083fa5cc39d2954294af7da479bfa3c829741f01b590de71	Initial public declaration; pre-public mapping remains in legacy/CUTOVER_AUDIT.md
GENESIS-COLOR-SPECTRAL-INVARIANTS	1	2026-07-13	canon-v1-genesis	COLOR-SPECTRAL-INVARIANTS	DECLARE	-	T	013518ecbd2233c6f4ed449b5e0c1255c90f4360ae53eff4d6f6d2be017d1ae8	EV-COLOR-SPECTRAL-INVARIANTS	reproduce/color-ladder	993516aaf0509cc8083fa5cc39d2954294af7da479bfa3c829741f01b590de71	Initial public declaration; pre-public mapping remains in legacy/CUTOVER_AUDIT.md
GENESIS-COLOR-DICKSON-RAMIFICATION	1	2026-07-13	canon-v1-genesis	COLOR-DICKSON-RAMIFICATION	DECLARE	-	T	061a3b1313112d06d88b6454c174cc23000f026405875e732e3ed33371492d5f	EV-COLOR-DICKSON-RAMIFICATION	reproduce/color-ladder	993516aaf0509cc8083fa5cc39d2954294af7da479bfa3c829741f01b590de71	Initial public declaration; pre-public mapping remains in legacy/CUTOVER_AUDIT.md
GENESIS-COLOR-KLEIN-REDUCTION	1	2026-07-13	canon-v1-genesis	COLOR-KLEIN-REDUCTION	DECLARE	-	T	9fe295cf959be61ef3adb4bca50a49e865103ed1bd674dd5640fe11d5b58990a	EV-COLOR-KLEIN-REDUCTION	reproduce/color-ladder	993516aaf0509cc8083fa5cc39d2954294af7da479bfa3c829741f01b590de71	Initial public declaration; pre-public mapping remains in legacy/CUTOVER_AUDIT.md
GENESIS-COLOR-INTEGRAL-LIFT	1	2026-07-13	canon-v1-genesis	COLOR-INTEGRAL-LIFT	DECLARE	-	T	4f880a5dbfde910892eeeac9198335332bb239b8abd3c5e9b4fe58a1bd616294	EV-COLOR-INTEGRAL-LIFT	reproduce/color-ladder	993516aaf0509cc8083fa5cc39d2954294af7da479bfa3c829741f01b590de71	Initial public declaration; pre-public mapping remains in legacy/CUTOVER_AUDIT.md
GENESIS-COLOR-MEASURE-TRANSPORT	1	2026-07-13	canon-v1-genesis	COLOR-MEASURE-TRANSPORT	DECLARE	-	T	fea36a3bc63a11db6ba00464b3ebec6f041461b5528f4a7055ef83ee893b8a70	EV-COLOR-MEASURE-TRANSPORT	reproduce/color-ladder	993516aaf0509cc8083fa5cc39d2954294af7da479bfa3c829741f01b590de71	Initial public declaration; pre-public mapping remains in legacy/CUTOVER_AUDIT.md
GENESIS-KAHLER-CAPACITY	1	2026-07-13	canon-v1-genesis	KAHLER-CAPACITY	DECLARE	-	T	b78c84ca0053abaca9e8521fdb82e18be90f83ea975f9a13979a684ac2a2a98f	EV-KAHLER-CAPACITY	reproduce/gravity-chain	df1c4ea51e07381dcf961046a81fbbcb5888a930f6c5ee0f5a1adf28bd947827	Initial public declaration; pre-public mapping remains in legacy/CUTOVER_AUDIT.md
GENESIS-FRW-CANONICAL-FORM	1	2026-07-13	canon-v1-genesis	FRW-CANONICAL-FORM	DECLARE	-	T	9c704537be9cc9b64bde74b8d44e7fa0b5a5f283b70680c687d05feb7b322038	EV-FRW-CANONICAL-FORM	reproduce/gravity-chain	df1c4ea51e07381dcf961046a81fbbcb5888a930f6c5ee0f5a1adf28bd947827	Initial public declaration; pre-public mapping remains in legacy/CUTOVER_AUDIT.md
GENESIS-GRAVITY-BRIDGE-LAW	1	2026-07-13	canon-v1-genesis	GRAVITY-BRIDGE-LAW	DECLARE	-	D	3ca42f7915576ddd7e1923326bd95b15763f5027cd7a7f946080096d35924e07	EV-GRAVITY-BRIDGE-LAW	reproduce/gravity-chain	df1c4ea51e07381dcf961046a81fbbcb5888a930f6c5ee0f5a1adf28bd947827	Initial public declaration; pre-public mapping remains in legacy/CUTOVER_AUDIT.md
GENESIS-MU-TAU-COEFFICIENT	1	2026-07-13	canon-v1-genesis	MU-TAU-COEFFICIENT	DECLARE	-	T	8930381a0726d10bbe76d24acb26cf347f66f08aaaa22bb5f7bec60d6a5a299a	EV-MU-TAU-COEFFICIENT	reproduce/mass-ladder	c05faa12ed4afe65734c0cfcbe4c848fd0b64bd2071edee883381d9231f85a59	Initial public declaration; pre-public mapping remains in legacy/CUTOVER_AUDIT.md
GENESIS-MU-EXCHANGE-IDENTITY	1	2026-07-13	canon-v1-genesis	MU-EXCHANGE-IDENTITY	DECLARE	-	T	adf78bd872f1a42acfa32b10cf38ccabaff2a115da7fbf6e83b476beb08ed926	EV-MU-EXCHANGE-IDENTITY	reproduce/mass-ladder	c05faa12ed4afe65734c0cfcbe4c848fd0b64bd2071edee883381d9231f85a59	Initial public declaration; pre-public mapping remains in legacy/CUTOVER_AUDIT.md
GENESIS-MASS-LADDER-FORMS	1	2026-07-13	canon-v1-genesis	MASS-LADDER-FORMS	DECLARE	-	D	9a73509a895a324699f70298c34e260fc92e5dea5e025ec92776889a08f40693	EV-MASS-LADDER-FORMS	reproduce/mass-ladder	c05faa12ed4afe65734c0cfcbe4c848fd0b64bd2071edee883381d9231f85a59	Initial public declaration; pre-public mapping remains in legacy/CUTOVER_AUDIT.md
GENESIS-PARITY-LAW	1	2026-07-13	canon-v1-genesis	PARITY-LAW	DECLARE	-	T	a0f527b47303608e77adb04856c403cbcb1ab3db3537256b93aa74437cf0ad47	EV-PARITY-LAW	reproduce/mass-ladder	c05faa12ed4afe65734c0cfcbe4c848fd0b64bd2071edee883381d9231f85a59	Initial public declaration; pre-public mapping remains in legacy/CUTOVER_AUDIT.md
GENESIS-BRIDGE-DEFECT	1	2026-07-13	canon-v1-genesis	BRIDGE-DEFECT	DECLARE	-	T	4afc98ef3a694f7b6e74895c1c76ebbdc79ee9f0049aea6ce609b429fd53ba49	EV-BRIDGE-DEFECT	reproduce/mass-ladder	c05faa12ed4afe65734c0cfcbe4c848fd0b64bd2071edee883381d9231f85a59	Initial public declaration; pre-public mapping remains in legacy/CUTOVER_AUDIT.md
GENESIS-WEINBERG-TREE	1	2026-07-13	canon-v1-genesis	WEINBERG-TREE	DECLARE	-	T	793b24e4f0212d81b6699a3751f321e1829c6a328e2a24a381782518ba944c2f	EV-WEINBERG-TREE	reproduce/weinberg	7e3f6ba5e0f84ce4297cd2933eb40999fcbf3e53a92d81f0660972599f906d13	Initial public declaration; pre-public mapping remains in legacy/CUTOVER_AUDIT.md
GENESIS-HYPERCHARGE-LAW	1	2026-07-13	canon-v1-genesis	HYPERCHARGE-LAW	DECLARE	-	T	1832a68bf33843a6ed88ae2efee9c31b7ca82c956f2c1f6467f26b31c34de744	EV-HYPERCHARGE-LAW	reproduce/weinberg	7e3f6ba5e0f84ce4297cd2933eb40999fcbf3e53a92d81f0660972599f906d13	Initial public declaration; pre-public mapping remains in legacy/CUTOVER_AUDIT.md
GENESIS-WEINBERG-FORM	1	2026-07-13	canon-v1-genesis	WEINBERG-FORM	DECLARE	-	D	7fbd0f6fe41c0966eddc983f3f9bc2ae0318b8e7e9feceee8b1ee09d8b087561	EV-WEINBERG-FORM	reproduce/weinberg	7e3f6ba5e0f84ce4297cd2933eb40999fcbf3e53a92d81f0660972599f906d13	Initial public declaration; pre-public mapping remains in legacy/CUTOVER_AUDIT.md
GENESIS-MAXWELL-BIANCHI	1	2026-07-13	canon-v1-genesis	MAXWELL-BIANCHI	DECLARE	-	T	3337b5b769720cda91646a2bdaee23757ab45cb9bf91e30614a24bcabac7ef2e	EV-MAXWELL-BIANCHI	reproduce/maxwell	3a11cbcce3ad0eeca681c366ef7c697d1757918786d101c8af0f74266e6c2c8c	Initial public declaration; pre-public mapping remains in legacy/CUTOVER_AUDIT.md
GENESIS-MAXWELL-GAUSS-CHAIN	1	2026-07-13	canon-v1-genesis	MAXWELL-GAUSS-CHAIN	DECLARE	-	T	c69dddedb5104b381e04f3a9df8ad6db89f6ea7df0558cbfda3d17704c2dd1ad	EV-MAXWELL-GAUSS-CHAIN	reproduce/maxwell	3a11cbcce3ad0eeca681c366ef7c697d1757918786d101c8af0f74266e6c2c8c	Initial public declaration; pre-public mapping remains in legacy/CUTOVER_AUDIT.md
GENESIS-MAXWELL-AMPERE-CHAIN	1	2026-07-13	canon-v1-genesis	MAXWELL-AMPERE-CHAIN	DECLARE	-	T	2b1332c4276903fbb80a0fe537994aa1f9fe8e0a81a8f0f1b1dfe7740195293a	EV-MAXWELL-AMPERE-CHAIN	reproduce/maxwell	3a11cbcce3ad0eeca681c366ef7c697d1757918786d101c8af0f74266e6c2c8c	Initial public declaration; pre-public mapping remains in legacy/CUTOVER_AUDIT.md
GENESIS-MAXWELL-OBSTRUCTION-P	1	2026-07-13	canon-v1-genesis	MAXWELL-OBSTRUCTION-P	DECLARE	-	T	01c403e2b6ba6be2dcb4dd8025663bc3ebe12ed7b7bebea01c03f42a0684d575	EV-MAXWELL-OBSTRUCTION-P	reproduce/maxwell	3a11cbcce3ad0eeca681c366ef7c697d1757918786d101c8af0f74266e6c2c8c	Initial public declaration; pre-public mapping remains in legacy/CUTOVER_AUDIT.md
GENESIS-MAXWELL-CLOSED	1	2026-07-13	canon-v1-genesis	MAXWELL-CLOSED	DECLARE	-	D	d7b9242c089c75148f4f7f5d178db3cf10b8de1122bd4c5f639baaf720fb5569	EV-MAXWELL-CLOSED	reproduce/maxwell	3a11cbcce3ad0eeca681c366ef7c697d1757918786d101c8af0f74266e6c2c8c	Initial public declaration; pre-public mapping remains in legacy/CUTOVER_AUDIT.md
GENESIS-ALPHA-PREFACTOR-UNIFICATION	1	2026-07-13	canon-v1-genesis	ALPHA-PREFACTOR-UNIFICATION	DECLARE	-	T	e36c3c87db4e6bb17e89ccf8f29f2ffdbe2853b96cae29cb1a3546d969c788ce	EV-ALPHA-PREFACTOR-UNIFICATION	reproduce/alpha-value	4a45afab4af710a58884d4f63c05903d48bbbcbedb48536bd0eab7443a6b71a7	Initial public declaration; pre-public mapping remains in legacy/CUTOVER_AUDIT.md
GENESIS-ALPHA-FORM	1	2026-07-13	canon-v1-genesis	ALPHA-FORM	DECLARE	-	D	172978f831ced98bbf3f20ca3bb503079ee80fabf95e3545d7d838e92817366e	EV-ALPHA-FORM	reproduce/alpha-value	4a45afab4af710a58884d4f63c05903d48bbbcbedb48536bd0eab7443a6b71a7	Initial public declaration; pre-public mapping remains in legacy/CUTOVER_AUDIT.md
GENESIS-ALPHA-VALUE-DIGITS	1	2026-07-13	canon-v1-genesis	ALPHA-VALUE-DIGITS	DECLARE	-	C	60e02b57bc613dfca45fbbab1aa94009390807d902ec4451ef7a6a4a410d5076	EV-ALPHA-VALUE-DIGITS	reproduce/alpha-value	4a45afab4af710a58884d4f63c05903d48bbbcbedb48536bd0eab7443a6b71a7	Initial public declaration; pre-public mapping remains in legacy/CUTOVER_AUDIT.md
GENESIS-TT-LINEAR-ZERO	1	2026-07-13	canon-v1-genesis	TT-LINEAR-ZERO	DECLARE	-	T	5e560ca4526f703630d4e9ba6175eb6adb172cd61abe539a94b958469113ae3a	EV-TT-LINEAR-ZERO	reproduce/cosmology-register	98a9425099666e47fb1cf4c48e72ab29fbc30ea9906a319d80ebc6cc1d3bdbdb	Initial public declaration; pre-public mapping remains in legacy/CUTOVER_AUDIT.md
GENESIS-TT-QUADRATIC-INDUCED	1	2026-07-13	canon-v1-genesis	TT-QUADRATIC-INDUCED	DECLARE	-	D	89f830c1cd8ba72a51b6b786de26d2855410846fb5be91a4a961f9d5c1b5ac3a	EV-TT-QUADRATIC-INDUCED	reproduce/cosmology-register	98a9425099666e47fb1cf4c48e72ab29fbc30ea9906a319d80ebc6cc1d3bdbdb	Initial public declaration; pre-public mapping remains in legacy/CUTOVER_AUDIT.md
GENESIS-GYRON-DENSITY	1	2026-07-13	canon-v1-genesis	GYRON-DENSITY	DECLARE	-	T	466ff866b4706a6c22eb26a327775c39d044376a3debe1685a27aeb502938381	EV-GYRON-DENSITY	reproduce/cosmology-register	98a9425099666e47fb1cf4c48e72ab29fbc30ea9906a319d80ebc6cc1d3bdbdb	Initial public declaration; pre-public mapping remains in legacy/CUTOVER_AUDIT.md
GENESIS-COSMOLOGY-READING-DICTIONARY	1	2026-07-13	canon-v1-genesis	COSMOLOGY-READING-DICTIONARY	DECLARE	-	D	9f462ce0a40b8d01e31c6ad6d59a1516dac035201f14eb55475babdd15006679	EV-COSMOLOGY-READING-DICTIONARY	inline	e75eae45be3a5433980272a670d3a3cd140c40f39d9bbaed5c5ee56a6b9a7f2c	Initial public declaration; pre-public mapping remains in legacy/CUTOVER_AUDIT.md
GENESIS-COSMOLOGY-REGISTER	1	2026-07-13	canon-v1-genesis	COSMOLOGY-REGISTER	DECLARE	-	D	e6bbb33cad0d919bb32e8a84e4f9e603ead4033c7dff57135d5941aa35481f57	EV-COSMOLOGY-REGISTER	reproduce/cosmology-register	98a9425099666e47fb1cf4c48e72ab29fbc30ea9906a319d80ebc6cc1d3bdbdb	Initial public declaration; pre-public mapping remains in legacy/CUTOVER_AUDIT.md
GENESIS-CONFORMAL-PREFACTOR	1	2026-07-13	canon-v1-genesis	CONFORMAL-PREFACTOR	DECLARE	-	D	036e0bb8da9b562a26727b4a524177ca54d42f7ae5ffeb0019fd01453b916ff0	EV-CONFORMAL-PREFACTOR	reproduce/cosmology-register	98a9425099666e47fb1cf4c48e72ab29fbc30ea9906a319d80ebc6cc1d3bdbdb	Initial public declaration; pre-public mapping remains in legacy/CUTOVER_AUDIT.md
GENESIS-TT-SQUARING-DECODER	1	2026-07-13	canon-v1-genesis	TT-SQUARING-DECODER	DECLARE	-	D	63ccf64d0fec2a8ddb483c5f57dd42394fbd76aff0119ebf3c039b3df903951e	EV-TT-SQUARING-DECODER	reproduce/coupling-metrology	4521e13f3461b073293355ba794f5011900974543293fe469b4f06ed2290171b	Initial public declaration; pre-public mapping remains in legacy/CUTOVER_AUDIT.md
GENESIS-SCHWARZSCHILD-TT-ENDPOINT	1	2026-07-13	canon-v1-genesis	SCHWARZSCHILD-TT-ENDPOINT	DECLARE	-	T	7c2374c2cc7c9996b3d46c7d4631bf7b5a41bdf466448ad999fcc1749ccae160	EV-SCHWARZSCHILD-TT-ENDPOINT	reproduce/coupling-metrology	4521e13f3461b073293355ba794f5011900974543293fe469b4f06ed2290171b	Initial public declaration; pre-public mapping remains in legacy/CUTOVER_AUDIT.md
GENESIS-TT-QUADRATIC-GERM	1	2026-07-13	canon-v1-genesis	TT-QUADRATIC-GERM	DECLARE	-	D	b69bf7b1db8667ac322346256a539d5d6760245315a202842ccf21d2fafd4c45	EV-TT-QUADRATIC-GERM	reproduce/coupling-metrology	4521e13f3461b073293355ba794f5011900974543293fe469b4f06ed2290171b	Initial public declaration; pre-public mapping remains in legacy/CUTOVER_AUDIT.md
GENESIS-COUPLINGS-DETERMINE	1	2026-07-13	canon-v1-genesis	COUPLINGS-DETERMINE	DECLARE	-	T	af56dc4c79548156f2a0fc6916e6a551dfa9ee45005d71fdf512d6ae48b8ae63	EV-COUPLINGS-DETERMINE	reproduce/coupling-metrology	4521e13f3461b073293355ba794f5011900974543293fe469b4f06ed2290171b	Initial public declaration; pre-public mapping remains in legacy/CUTOVER_AUDIT.md
GENESIS-DEWITT-TWELVES	1	2026-07-13	canon-v1-genesis	DEWITT-TWELVES	DECLARE	-	T	ff7d9943d79d1269394b55591ef7a8de1e92f56c8cb655b57dfd7b4eadf802bb	EV-DEWITT-TWELVES	reproduce/coupling-metrology	4521e13f3461b073293355ba794f5011900974543293fe469b4f06ed2290171b	Initial public declaration; pre-public mapping remains in legacy/CUTOVER_AUDIT.md
GENESIS-METRO-TICK	1	2026-07-13	canon-v1-genesis	METRO-TICK	DECLARE	-	T	eee40fa2270b7ed196e8f71f288fce14da53b464e2464cc09120207ac41c0d62	EV-METRO-TICK	reproduce/coupling-metrology	4521e13f3461b073293355ba794f5011900974543293fe469b4f06ed2290171b	Initial public declaration; pre-public mapping remains in legacy/CUTOVER_AUDIT.md
GENESIS-MEASURE-SPATIAL-ONLY	1	2026-07-13	canon-v1-genesis	MEASURE-SPATIAL-ONLY	DECLARE	-	T	2cc407975696435e0bbe3776dac31a647c97ecbd9b4f6c3028a7dc4e18bc2b43	EV-MEASURE-SPATIAL-ONLY	reproduce/coupling-metrology	4521e13f3461b073293355ba794f5011900974543293fe469b4f06ed2290171b	Initial public declaration; pre-public mapping remains in legacy/CUTOVER_AUDIT.md
GENESIS-STRONG-SEED	1	2026-07-13	canon-v1-genesis	STRONG-SEED	DECLARE	-	D	a3d34a34d5589a9ea20122b38d7a433f33ac8f5372c2fd3cc30a714eae7bdfd3	EV-STRONG-SEED	reproduce/coupling-metrology	4521e13f3461b073293355ba794f5011900974543293fe469b4f06ed2290171b	Initial public declaration; pre-public mapping remains in legacy/CUTOVER_AUDIT.md
GENESIS-HYPERPLANE-BOUNDARY-CLASS	1	2026-07-13	canon-v1-genesis	HYPERPLANE-BOUNDARY-CLASS	DECLARE	-	T	69f869451714e52ff39e1376662ad400b6ad06a43c4fe895448c81f247c78528	EV-HYPERPLANE-BOUNDARY-CLASS	reproduce/hyperplane-codec	9477d13e62631171a4b33ebc0c130a7c2e9f5e45fe79073227f4a254c3592f35	Initial public declaration; pre-public mapping remains in legacy/CUTOVER_AUDIT.md
GENESIS-HYPERPLANE-BOUNDARY-REALIZATION	1	2026-07-13	canon-v1-genesis	HYPERPLANE-BOUNDARY-REALIZATION	DECLARE	-	C	af79805176395c8d2e32a0fb254686768a6e13d9c0d3e1f4f2907381e52400d6	EV-HYPERPLANE-BOUNDARY-REALIZATION	reproduce/hyperplane-codec	9477d13e62631171a4b33ebc0c130a7c2e9f5e45fe79073227f4a254c3592f35	Initial public declaration; pre-public mapping remains in legacy/CUTOVER_AUDIT.md
GENESIS-CODEC-TR4	1	2026-07-13	canon-v1-genesis	CODEC-TR4	DECLARE	-	T	8b56c705754d1aff12719d5dc55e26a827cb28a4e7707059807418c0ef523ca8	EV-CODEC-TR4	reproduce/hyperplane-codec	9477d13e62631171a4b33ebc0c130a7c2e9f5e45fe79073227f4a254c3592f35	Initial public declaration; pre-public mapping remains in legacy/CUTOVER_AUDIT.md
GENESIS-PHIBIT-NOT-TAU	1	2026-07-13	canon-v1-genesis	PHIBIT-NOT-TAU	DECLARE	-	F	07ecab8518f626678210826c2dae81e5d8bb2bc098023abcb88a05f5fc58555c	EV-PHIBIT-NOT-TAU	reproduce/hyperplane-codec	9477d13e62631171a4b33ebc0c130a7c2e9f5e45fe79073227f4a254c3592f35	Initial public declaration; pre-public mapping remains in legacy/CUTOVER_AUDIT.md
GENESIS-KERNEL-WEDGE-AFFINITY	1	2026-07-13	canon-v1-genesis	KERNEL-WEDGE-AFFINITY	DECLARE	-	T	0fff9f863348894625a7621c37d0e179de14f4e52d69cc85cbfed62f3c3e9961	EV-KERNEL-WEDGE-AFFINITY	reproduce/kernel-connectivity	8673c03c0b2105daf7895ea2ccffb0c85f57480071fce2ea9f9157c2f1786ba7	Initial public declaration; pre-public mapping remains in legacy/CUTOVER_AUDIT.md
GENESIS-KERNEL-WEDGE-COUPLING	1	2026-07-13	canon-v1-genesis	KERNEL-WEDGE-COUPLING	DECLARE	-	T	fe76f90317b6db02c6339b277247a54b4700cb4bbd4157a9d825352af3bfb87e	EV-KERNEL-WEDGE-COUPLING	reproduce/kernel-connectivity	8673c03c0b2105daf7895ea2ccffb0c85f57480071fce2ea9f9157c2f1786ba7	Initial public declaration; pre-public mapping remains in legacy/CUTOVER_AUDIT.md
GENESIS-KERNEL-WEDGE-LINEAR-STRATA	1	2026-07-13	canon-v1-genesis	KERNEL-WEDGE-LINEAR-STRATA	DECLARE	-	T	52ff0536dbf1e9c436ee9aa44afc001062472c9f853eb2ecd716fb2261e96fb5	EV-KERNEL-WEDGE-LINEAR-STRATA	reproduce/kernel-connectivity	8673c03c0b2105daf7895ea2ccffb0c85f57480071fce2ea9f9157c2f1786ba7	Initial public declaration; pre-public mapping remains in legacy/CUTOVER_AUDIT.md
GENESIS-KERNEL-WEDGE-AFFINE-MIX	1	2026-07-13	canon-v1-genesis	KERNEL-WEDGE-AFFINE-MIX	DECLARE	-	T	4eff012af457839b53420595953495445431b568d7941184422501198d356bed	EV-KERNEL-WEDGE-AFFINE-MIX	reproduce/kernel-connectivity	8673c03c0b2105daf7895ea2ccffb0c85f57480071fce2ea9f9157c2f1786ba7	Initial public declaration; pre-public mapping remains in legacy/CUTOVER_AUDIT.md
GENESIS-KERNEL-CELL-COMPONENTS	1	2026-07-13	canon-v1-genesis	KERNEL-CELL-COMPONENTS	DECLARE	-	C	a61232392229b929b7d7e368a311f4d63463ce245473973c2e304002b2832db2	EV-KERNEL-CELL-COMPONENTS	reproduce/kernel-connectivity	8673c03c0b2105daf7895ea2ccffb0c85f57480071fce2ea9f9157c2f1786ba7	Initial public declaration; pre-public mapping remains in legacy/CUTOVER_AUDIT.md
GENESIS-KERNEL-MACRO-READING	1	2026-07-13	canon-v1-genesis	KERNEL-MACRO-READING	DECLARE	-	D	aa2b5b2847b771722ba7e61e2b8e55a020a532b75358901dfb7b25a825a2aaa2	EV-KERNEL-MACRO-READING	reproduce/kernel-connectivity	8673c03c0b2105daf7895ea2ccffb0c85f57480071fce2ea9f9157c2f1786ba7	Initial public declaration; pre-public mapping remains in legacy/CUTOVER_AUDIT.md
GENESIS-ODOMETER-INTERNALIZED	1	2026-07-13	canon-v1-genesis	ODOMETER-INTERNALIZED	DECLARE	-	D	3e46c210e300ea1fbb7d6509f180911a234079ce566c90d90ded1dbd52664517	EV-ODOMETER-INTERNALIZED	reproduce/foundations-places	feeb30a3320ddb88836b622414f795dfa778eaea7fbba0ece126b652ece5fea0	Initial public declaration; pre-public mapping remains in legacy/CUTOVER_AUDIT.md
GENESIS-READING-SPLIT	1	2026-07-13	canon-v1-genesis	READING-SPLIT	DECLARE	-	D	2e580c274aa31a28c1a825e6f3e4b19c7a2f1b3b6ad857b885d9a5d7de6b9719	EV-READING-SPLIT	inline	e75eae45be3a5433980272a670d3a3cd140c40f39d9bbaed5c5ee56a6b9a7f2c	Initial public declaration; pre-public mapping remains in legacy/CUTOVER_AUDIT.md
GENESIS-TIME-QUANTUM-TOWER	1	2026-07-13	canon-v1-genesis	TIME-QUANTUM-TOWER	DECLARE	-	C	1333353e5aaf57c41d4c9cf42f4ec202960118e89e2a7d07b775805af81be46b	EV-TIME-QUANTUM-TOWER	reproduce/foundations-places	feeb30a3320ddb88836b622414f795dfa778eaea7fbba0ece126b652ece5fea0	Initial public declaration; pre-public mapping remains in legacy/CUTOVER_AUDIT.md
GENESIS-DEGREES-BY-PRIME	1	2026-07-13	canon-v1-genesis	DEGREES-BY-PRIME	DECLARE	-	T	d576cb8b358fb1c849c329d7cadca992f1608678b92041e76138a1e6d30d98fc	EV-DEGREES-BY-PRIME	reproduce/foundations-places	feeb30a3320ddb88836b622414f795dfa778eaea7fbba0ece126b652ece5fea0	Initial public declaration; pre-public mapping remains in legacy/CUTOVER_AUDIT.md
GENESIS-Z2-PLACES-SPLIT	1	2026-07-13	canon-v1-genesis	Z2-PLACES-SPLIT	DECLARE	-	T	056b5110d79be0ccf1214bc643db2be37dbd98e2d300ba30bdb32ca5f89655a8	EV-Z2-PLACES-SPLIT	reproduce/foundations-places	feeb30a3320ddb88836b622414f795dfa778eaea7fbba0ece126b652ece5fea0	Initial public declaration; pre-public mapping remains in legacy/CUTOVER_AUDIT.md
GENESIS-TWO-PLACE-PHYSICS	1	2026-07-13	canon-v1-genesis	TWO-PLACE-PHYSICS	DECLARE	-	D	723345566b09c54211dcebb15a19d5f038fc7734c4e6df8c4d271befc4b4c6b0	EV-TWO-PLACE-PHYSICS	inline	e75eae45be3a5433980272a670d3a3cd140c40f39d9bbaed5c5ee56a6b9a7f2c	Initial public declaration; pre-public mapping remains in legacy/CUTOVER_AUDIT.md
GENESIS-I-BILOCATED	1	2026-07-13	canon-v1-genesis	I-BILOCATED	DECLARE	-	D	7e65f8efb19e867922b206c2145f4a32dbb613ed440cc2cf4a777a24d7a8ac67	EV-I-BILOCATED	reproduce/foundations-places	feeb30a3320ddb88836b622414f795dfa778eaea7fbba0ece126b652ece5fea0	Initial public declaration; pre-public mapping remains in legacy/CUTOVER_AUDIT.md
GENESIS-SILVER-RING-FACTS	1	2026-07-13	canon-v1-genesis	SILVER-RING-FACTS	DECLARE	-	C	6854ef76cdd9436c68faeddac1031396cbdccc0bf71497b2c0fbf91ffecb4efe	EV-SILVER-RING-FACTS	reproduce/foundations-places	feeb30a3320ddb88836b622414f795dfa778eaea7fbba0ece126b652ece5fea0	Initial public declaration; pre-public mapping remains in legacy/CUTOVER_AUDIT.md
GENESIS-SILVER-SIBLING	1	2026-07-13	canon-v1-genesis	SILVER-SIBLING	DECLARE	-	D	594e834749cf549dafb97653e4c5e53d42d062d9e16627505102b10a4198c6b7	EV-SILVER-SIBLING	reproduce/foundations-places	feeb30a3320ddb88836b622414f795dfa778eaea7fbba0ece126b652ece5fea0	Initial public declaration; pre-public mapping remains in legacy/CUTOVER_AUDIT.md
GENESIS-FORCE-WEYL-HOLONOMY	1	2026-07-13	canon-v1-genesis	FORCE-WEYL-HOLONOMY	DECLARE	-	T	f4586fc0aea8ba57f326af5f3ac9b7863650458f557100f435e745f8e8329c6d	EV-FORCE-WEYL-HOLONOMY	reproduce/force-born-dictionary	b1a2f643a2461efa55ae31b6fbb2819c82e270299acea11a4f4215d268be5804	Initial public declaration; pre-public mapping remains in legacy/CUTOVER_AUDIT.md
GENESIS-FORCE-AS-CURVATURE	1	2026-07-13	canon-v1-genesis	FORCE-AS-CURVATURE	DECLARE	-	D	e240ce5de9bd398e402e88bcf5c4a1e3328aff7b2e62aca550a8fd098adeba0a	EV-FORCE-AS-CURVATURE	inline	e75eae45be3a5433980272a670d3a3cd140c40f39d9bbaed5c5ee56a6b9a7f2c	Initial public declaration; pre-public mapping remains in legacy/CUTOVER_AUDIT.md
GENESIS-COULOMB-GREEN-COMPUTATION	1	2026-07-13	canon-v1-genesis	COULOMB-GREEN-COMPUTATION	DECLARE	-	C	c841566493b9ead8cbf2c50f02710f341a87b59c3f785d91618d2524f3f87577	EV-COULOMB-GREEN-COMPUTATION	reproduce/force-born-dictionary	b1a2f643a2461efa55ae31b6fbb2819c82e270299acea11a4f4215d268be5804	Initial public declaration; pre-public mapping remains in legacy/CUTOVER_AUDIT.md
GENESIS-COULOMB-PROJECTION	1	2026-07-13	canon-v1-genesis	COULOMB-PROJECTION	DECLARE	-	D	fcfe6228e2ee69d70c00c54b1fda1fd2492995e251e64cd206323dfc0a847517	EV-COULOMB-PROJECTION	inline	e75eae45be3a5433980272a670d3a3cd140c40f39d9bbaed5c5ee56a6b9a7f2c	Initial public declaration; pre-public mapping remains in legacy/CUTOVER_AUDIT.md
GENESIS-FORCE-POLAR-SIGN	1	2026-07-13	canon-v1-genesis	FORCE-POLAR-SIGN	DECLARE	-	D	c745d3122637d3e9f7ff586227f51d5fff40e3c32ffa943f50d6b4cfd1799cd9	EV-FORCE-POLAR-SIGN	inline	e75eae45be3a5433980272a670d3a3cd140c40f39d9bbaed5c5ee56a6b9a7f2c	Initial public declaration; pre-public mapping remains in legacy/CUTOVER_AUDIT.md
GENESIS-ABELIAN-FACE-DICTIONARY	1	2026-07-13	canon-v1-genesis	ABELIAN-FACE-DICTIONARY	DECLARE	-	D	03563e9d833c76bc1d014ddea538a472fc86be215580396ff1fc7dae36d0c34c	EV-ABELIAN-FACE-DICTIONARY	reproduce/force-born-dictionary	b1a2f643a2461efa55ae31b6fbb2819c82e270299acea11a4f4215d268be5804	Initial public declaration; pre-public mapping remains in legacy/CUTOVER_AUDIT.md
GENESIS-MEASURE-BORN-VERB	1	2026-07-13	canon-v1-genesis	MEASURE-BORN-VERB	DECLARE	-	D	acdb78ae47bde761044a37e6f028fb3775408dc6e4a081dc8e5c708873ce8a8c	EV-MEASURE-BORN-VERB	reproduce/force-born-dictionary	b1a2f643a2461efa55ae31b6fbb2819c82e270299acea11a4f4215d268be5804	Initial public declaration; pre-public mapping remains in legacy/CUTOVER_AUDIT.md
GENESIS-KERNEL-CELL-DICTIONARY	1	2026-07-13	canon-v1-genesis	KERNEL-CELL-DICTIONARY	DECLARE	-	D	75968572aa4951b8b5cf12279d75c6eff6efd591d0fad928eb3aa882c1433f2f	EV-KERNEL-CELL-DICTIONARY	inline	e75eae45be3a5433980272a670d3a3cd140c40f39d9bbaed5c5ee56a6b9a7f2c	Initial public declaration; pre-public mapping remains in legacy/CUTOVER_AUDIT.md
GENESIS-SUBSTRATE-KNIT	1	2026-07-13	canon-v1-genesis	SUBSTRATE-KNIT	DECLARE	-	T	62fa01a44ffc649ecfaeac7d11172d4fc716a77d2de4e5e86fd6bef55d80117a	EV-SUBSTRATE-KNIT	reproduce/force-born-dictionary	b1a2f643a2461efa55ae31b6fbb2819c82e270299acea11a4f4215d268be5804	Initial public declaration; pre-public mapping remains in legacy/CUTOVER_AUDIT.md
GENESIS-METRO-ADMISSIBILITY	1	2026-07-13	canon-v1-genesis	METRO-ADMISSIBILITY	DECLARE	-	O	1f2ea971c4fa2716bbbeba4b77989a5d5e79f304bff10df2de2efc387c3b2111	EV-METRO-ADMISSIBILITY	inline	e75eae45be3a5433980272a670d3a3cd140c40f39d9bbaed5c5ee56a6b9a7f2c	Initial public declaration; pre-public mapping remains in legacy/CUTOVER_AUDIT.md
GENESIS-METRO-EDGE-SCALE	1	2026-07-13	canon-v1-genesis	METRO-EDGE-SCALE	DECLARE	-	O	c396080b9c0328728c2bdea1303035f541716a7b33f242468bdf469518f63c59	EV-METRO-EDGE-SCALE	inline	e75eae45be3a5433980272a670d3a3cd140c40f39d9bbaed5c5ee56a6b9a7f2c	Initial public declaration; pre-public mapping remains in legacy/CUTOVER_AUDIT.md
GENESIS-QUANT-SUBSTRATE	1	2026-07-13	canon-v1-genesis	QUANT-SUBSTRATE	DECLARE	-	O	da63d4024b309a405ce433ec1a384f2c6b147e0f376a9d3210f1bb775ac8c60f	EV-QUANT-SUBSTRATE	inline	e75eae45be3a5433980272a670d3a3cd140c40f39d9bbaed5c5ee56a6b9a7f2c	Initial public declaration; pre-public mapping remains in legacy/CUTOVER_AUDIT.md
GENESIS-COLOR-MEASURE-SELECTION	1	2026-07-13	canon-v1-genesis	COLOR-MEASURE-SELECTION	DECLARE	-	O	eedcff199d28c1d4df7f709ea538b5510c64c85185ac61f7ea294b507455f716	EV-COLOR-MEASURE-SELECTION	inline	e75eae45be3a5433980272a670d3a3cd140c40f39d9bbaed5c5ee56a6b9a7f2c	Initial public declaration; pre-public mapping remains in legacy/CUTOVER_AUDIT.md
GENESIS-TT-SOURCE	1	2026-07-13	canon-v1-genesis	TT-SOURCE	DECLARE	-	O	e4ef90d122fedd52a7fe7ff6a1724c1a97003adcca8492ab2ba494171b351131	EV-TT-SOURCE	inline	e75eae45be3a5433980272a670d3a3cd140c40f39d9bbaed5c5ee56a6b9a7f2c	Initial public declaration; pre-public mapping remains in legacy/CUTOVER_AUDIT.md
GENESIS-QNM-LEAVER-MU	1	2026-07-13	canon-v1-genesis	QNM-LEAVER-MU	DECLARE	-	O	a3397550758e2dff9f1568c91f6bf57dd391e1364db9e858124d98811255724b	EV-QNM-LEAVER-MU	inline	e75eae45be3a5433980272a670d3a3cd140c40f39d9bbaed5c5ee56a6b9a7f2c	Initial public declaration; pre-public mapping remains in legacy/CUTOVER_AUDIT.md
GENESIS-POL-READ	1	2026-07-13	canon-v1-genesis	POL-READ	DECLARE	-	O	126d50392d6da425ca1e013c17d54e2bb43f62c64d4c01c2cb5dc86311f7fde5	EV-POL-READ	inline	e75eae45be3a5433980272a670d3a3cd140c40f39d9bbaed5c5ee56a6b9a7f2c	Initial public declaration; pre-public mapping remains in legacy/CUTOVER_AUDIT.md
GENESIS-TT-VECTOR-STATE-NORMALIZATION	1	2026-07-13	canon-v1-genesis	TT-VECTOR-STATE-NORMALIZATION	DECLARE	-	O	2c8650eea03f835ffcb8fe0f0bf85b2600268cfdaff7413549e37cf3a5823f0c	EV-TT-VECTOR-STATE-NORMALIZATION	inline	e75eae45be3a5433980272a670d3a3cd140c40f39d9bbaed5c5ee56a6b9a7f2c	Initial public declaration; pre-public mapping remains in legacy/CUTOVER_AUDIT.md
GENESIS-FRW-INHOM	1	2026-07-13	canon-v1-genesis	FRW-INHOM	DECLARE	-	O	db6694a8e05c838f7dff276bcb2840c10346e756b9862f87b62931c33a48ed38	EV-FRW-INHOM	inline	e75eae45be3a5433980272a670d3a3cd140c40f39d9bbaed5c5ee56a6b9a7f2c	Initial public declaration; pre-public mapping remains in legacy/CUTOVER_AUDIT.md
GENESIS-DRESS-CROSSCOUNT	1	2026-07-13	canon-v1-genesis	DRESS-CROSSCOUNT	DECLARE	-	O	ce671d700f3ee83da0fddec89ba80150b284bcd7adf21797a4b3c8e957b556dd	EV-DRESS-CROSSCOUNT	inline	e75eae45be3a5433980272a670d3a3cd140c40f39d9bbaed5c5ee56a6b9a7f2c	Initial public declaration; pre-public mapping remains in legacy/CUTOVER_AUDIT.md
GENESIS-NS-TILT	1	2026-07-13	canon-v1-genesis	NS-TILT	DECLARE	-	H	1e9ee6e44b0a26c7281d6da06c823208a9f76e94c63c216b59310e253eec5b78	EV-NS-TILT	inline	e75eae45be3a5433980272a670d3a3cd140c40f39d9bbaed5c5ee56a6b9a7f2c	Initial public declaration; pre-public mapping remains in legacy/CUTOVER_AUDIT.md
GENESIS-DE-CONFORMAL-WEIGHT	1	2026-07-13	canon-v1-genesis	DE-CONFORMAL-WEIGHT	DECLARE	-	O	3d70f8c925e508563f1f71b5a3e2562745f5630f9778f78082d70e59f741672c	EV-DE-CONFORMAL-WEIGHT	inline	e75eae45be3a5433980272a670d3a3cd140c40f39d9bbaed5c5ee56a6b9a7f2c	Initial public declaration; pre-public mapping remains in legacy/CUTOVER_AUDIT.md
GENESIS-ALPHA-S-RUNNING	1	2026-07-13	canon-v1-genesis	ALPHA-S-RUNNING	DECLARE	-	O	ffaee924dc7668e3a3207bb2070529142c959108f5c072af912d3c036f671e65	EV-ALPHA-S-RUNNING	inline	e75eae45be3a5433980272a670d3a3cd140c40f39d9bbaed5c5ee56a6b9a7f2c	Initial public declaration; pre-public mapping remains in legacy/CUTOVER_AUDIT.md
GENESIS-SCHEME-DICTIONARY	1	2026-07-13	canon-v1-genesis	SCHEME-DICTIONARY	DECLARE	-	O	864f98ed458208b8dd614be372159e9bb5d3d84c539ac70489c0261391bafff1	EV-SCHEME-DICTIONARY	inline	e75eae45be3a5433980272a670d3a3cd140c40f39d9bbaed5c5ee56a6b9a7f2c	Initial public declaration; pre-public mapping remains in legacy/CUTOVER_AUDIT.md
GENESIS-GENERATIONS-L3	1	2026-07-13	canon-v1-genesis	GENERATIONS-L3	DECLARE	-	O	6c4fd902f395d86a996f27c64f55c26e40eff44b344b364d2829be09f87b6ade	EV-GENERATIONS-L3	inline	e75eae45be3a5433980272a670d3a3cd140c40f39d9bbaed5c5ee56a6b9a7f2c	Initial public declaration; pre-public mapping remains in legacy/CUTOVER_AUDIT.md
GENESIS-SPIN-LIFT-FORCED	1	2026-07-13	canon-v1-genesis	SPIN-LIFT-FORCED	DECLARE	-	O	d59e1dee52d02604818cf2e88685a0441982cc895bcadb34d04b8ab6f3fcd5f1	EV-SPIN-LIFT-FORCED	inline	e75eae45be3a5433980272a670d3a3cd140c40f39d9bbaed5c5ee56a6b9a7f2c	Initial public declaration; pre-public mapping remains in legacy/CUTOVER_AUDIT.md
GENESIS-KC3-PLENUM-READOUT	1	2026-07-13	canon-v1-genesis	KC3-PLENUM-READOUT	DECLARE	-	H	b53fdba7c8c20c2d5daaaae2e09a601861542a972f23c8040ec772e95dbf36af	EV-KC3-PLENUM-READOUT	inline	e75eae45be3a5433980272a670d3a3cd140c40f39d9bbaed5c5ee56a6b9a7f2c	Initial public declaration; pre-public mapping remains in legacy/CUTOVER_AUDIT.md
GENESIS-QUADRATIC-ENVELOPE-DECODER	1	2026-07-13	canon-v1-genesis	QUADRATIC-ENVELOPE-DECODER	DECLARE	-	H	3f4b9be6e90169fc67780e52b115cf75c6e3817e4b1080b61f3df6cb78cd4376	EV-QUADRATIC-ENVELOPE-DECODER	inline	e75eae45be3a5433980272a670d3a3cd140c40f39d9bbaed5c5ee56a6b9a7f2c	Initial public declaration; pre-public mapping remains in legacy/CUTOVER_AUDIT.md
GENESIS-TM-SYM2-MEASURE	1	2026-07-13	canon-v1-genesis	TM-SYM2-MEASURE	DECLARE	-	H	a255173d94027627150ef13f033ee88eec85f9c090c83777b3e41addc4c94a31	EV-TM-SYM2-MEASURE	inline	e75eae45be3a5433980272a670d3a3cd140c40f39d9bbaed5c5ee56a6b9a7f2c	Initial public declaration; pre-public mapping remains in legacy/CUTOVER_AUDIT.md
GENESIS-QUADRATIC-DECODER-DATA	1	2026-07-13	canon-v1-genesis	QUADRATIC-DECODER-DATA	DECLARE	-	O	c55955f1c3447bddfee9f10658812ccde118df4e5364db55a5af3eac57cf6991	EV-QUADRATIC-DECODER-DATA	inline	e75eae45be3a5433980272a670d3a3cd140c40f39d9bbaed5c5ee56a6b9a7f2c	Initial public declaration; pre-public mapping remains in legacy/CUTOVER_AUDIT.md
GENESIS-NEUTRON-DELTA-EM	1	2026-07-13	canon-v1-genesis	NEUTRON-DELTA-EM	DECLARE	-	O	d99032dd36f64457dfe7befc2107289ade2bd5e179eebbfabb56daae80d0528a	EV-NEUTRON-DELTA-EM	inline	e75eae45be3a5433980272a670d3a3cd140c40f39d9bbaed5c5ee56a6b9a7f2c	Initial public declaration; pre-public mapping remains in legacy/CUTOVER_AUDIT.md
GENESIS-PROTON-RESIDUAL-IS-QCD	1	2026-07-13	canon-v1-genesis	PROTON-RESIDUAL-IS-QCD	DECLARE	-	O	4bb6210cfa9ba6e771449950fe00d22860f8b183ab5a275cee2dd97f2d2a7b46	EV-PROTON-RESIDUAL-IS-QCD	inline	e75eae45be3a5433980272a670d3a3cd140c40f39d9bbaed5c5ee56a6b9a7f2c	Initial public declaration; pre-public mapping remains in legacy/CUTOVER_AUDIT.md
GENESIS-SQRT-PHI-TIME-GRAVITY	1	2026-07-13	canon-v1-genesis	SQRT-PHI-TIME-GRAVITY	DECLARE	-	O	173f397b65597fae45df069d2bde9b98d7bafd8bd369473996063fdbf66e6705	EV-SQRT-PHI-TIME-GRAVITY	inline	e75eae45be3a5433980272a670d3a3cd140c40f39d9bbaed5c5ee56a6b9a7f2c	Initial public declaration; pre-public mapping remains in legacy/CUTOVER_AUDIT.md
GENESIS-KERNEL-CONNECT-ALL-K	1	2026-07-13	canon-v1-genesis	KERNEL-CONNECT-ALL-K	DECLARE	-	H	1e99eee2b69d95e5fcadde8fdf09ef1d4c4f11c993b504553f01a4781ef45929	EV-KERNEL-CONNECT-ALL-K	inline	e75eae45be3a5433980272a670d3a3cd140c40f39d9bbaed5c5ee56a6b9a7f2c	Initial public declaration; pre-public mapping remains in legacy/CUTOVER_AUDIT.md
GENESIS-CURVATURE-TRACE-VALUE	1	2026-07-13	canon-v1-genesis	CURVATURE-TRACE-VALUE	DECLARE	-	O	3390311d175462a37dbf7cd403c86e67de82d6a530227722e45dd8ce8a39d4d5	EV-CURVATURE-TRACE-VALUE	inline	e75eae45be3a5433980272a670d3a3cd140c40f39d9bbaed5c5ee56a6b9a7f2c	Initial public declaration; pre-public mapping remains in legacy/CUTOVER_AUDIT.md
GENESIS-OBSERVER-WRITE-PORT	1	2026-07-13	canon-v1-genesis	OBSERVER-WRITE-PORT	DECLARE	-	H	2514a441ac07d4532412dad08f6b8cdece22779c2dec7e811b5e8c8e7beeb6c0	EV-OBSERVER-WRITE-PORT	inline	e75eae45be3a5433980272a670d3a3cd140c40f39d9bbaed5c5ee56a6b9a7f2c	Initial public declaration; pre-public mapping remains in legacy/CUTOVER_AUDIT.md
GENESIS-PHOTON-WINDOW-COORDINATES	1	2026-07-13	canon-v1-genesis	PHOTON-WINDOW-COORDINATES	DECLARE	-	T	371017e6d073b0caf25a963f350c7495c558f863762e13719cb5b083c13e92f9	EV-PHOTON-WINDOW-COORDINATES	reproduce/photon-electron	62017db137c04883b1523c36ab13c894e651fd68dc4608e386027ecb82209810	Initial public declaration; pre-public mapping remains in legacy/CUTOVER_AUDIT.md
GENESIS-PHOTON-UNIVERSAL-BIT	1	2026-07-13	canon-v1-genesis	PHOTON-UNIVERSAL-BIT	DECLARE	-	T	e95847e3d2ff7b4c7bfbc0959e3af8e220bc872cefc400a8daebde1d97960eee	EV-PHOTON-UNIVERSAL-BIT	reproduce/photon-electron	62017db137c04883b1523c36ab13c894e651fd68dc4608e386027ecb82209810	Initial public declaration; pre-public mapping remains in legacy/CUTOVER_AUDIT.md
GENESIS-MONOPOLE-FIFTHS	1	2026-07-13	canon-v1-genesis	MONOPOLE-FIFTHS	DECLARE	-	T	5463abaa691f589718f37ad09d936ced5d26fa83d15f4d83dcee60647cc05ac1	EV-MONOPOLE-FIFTHS	reproduce/photon-electron	62017db137c04883b1523c36ab13c894e651fd68dc4608e386027ecb82209810	Initial public declaration; pre-public mapping remains in legacy/CUTOVER_AUDIT.md
GENESIS-MONOPOLE-COST	1	2026-07-13	canon-v1-genesis	MONOPOLE-COST	DECLARE	-	C	139d859f432add316e32fecab2d13b8b7007268c6aafc2f38a42043860f0ca08	EV-MONOPOLE-COST	reproduce/photon-electron	62017db137c04883b1523c36ab13c894e651fd68dc4608e386027ecb82209810	Initial public declaration; pre-public mapping remains in legacy/CUTOVER_AUDIT.md
GENESIS-KAPPA-BOUNDS	1	2026-07-13	canon-v1-genesis	KAPPA-BOUNDS	DECLARE	-	T	dccd8f29041e02127b39ba26b4ca87592593edb8ef140b53b5a657145ea9c70e	EV-KAPPA-BOUNDS	reproduce/photon-electron	62017db137c04883b1523c36ab13c894e651fd68dc4608e386027ecb82209810	Initial public declaration; pre-public mapping remains in legacy/CUTOVER_AUDIT.md
GENESIS-KAPPA-SHAPES	1	2026-07-13	canon-v1-genesis	KAPPA-SHAPES	DECLARE	-	C	2cee5a5a029d2e300620adc8eefb9e6b747c8186a46197712692cff4ab80002e	EV-KAPPA-SHAPES	reproduce/photon-electron	62017db137c04883b1523c36ab13c894e651fd68dc4608e386027ecb82209810	Initial public declaration; pre-public mapping remains in legacy/CUTOVER_AUDIT.md
GENESIS-CENTER-SPLIT-RECIPROCITY	1	2026-07-13	canon-v1-genesis	CENTER-SPLIT-RECIPROCITY	DECLARE	-	T	a9a4cc425577028ef40368086e209fc0147b7305fdfa55d730a97a84c8825097	EV-CENTER-SPLIT-RECIPROCITY	reproduce/photon-electron	62017db137c04883b1523c36ab13c894e651fd68dc4608e386027ecb82209810	Initial public declaration; pre-public mapping remains in legacy/CUTOVER_AUDIT.md
GENESIS-CENTER-SPLIT-CLOSURE	1	2026-07-13	canon-v1-genesis	CENTER-SPLIT-CLOSURE	DECLARE	-	T	d769391c1a0abc1fc49d5144ba061ee9ca6109fadaa2321b7dc0e8c4ef153368	EV-CENTER-SPLIT-CLOSURE	reproduce/photon-electron	62017db137c04883b1523c36ab13c894e651fd68dc4608e386027ecb82209810	Initial public declaration; pre-public mapping remains in legacy/CUTOVER_AUDIT.md
GENESIS-CENTER-SPLIT-SELECTION	1	2026-07-13	canon-v1-genesis	CENTER-SPLIT-SELECTION	DECLARE	-	D	6d2f3b13f4f7dceff6328ef2ba508088436c484fe85e0f8d95f8a5142ca1018b	EV-CENTER-SPLIT-SELECTION	reproduce/photon-electron	62017db137c04883b1523c36ab13c894e651fd68dc4608e386027ecb82209810	Initial public declaration; pre-public mapping remains in legacy/CUTOVER_AUDIT.md
GENESIS-ELECTRON-G-RATIO	1	2026-07-13	canon-v1-genesis	ELECTRON-G-RATIO	DECLARE	-	T	06c0b1e7234af327092bc6ae03cc9433de31d9dee84ad9a3b8e1744e7b4d6820	EV-ELECTRON-G-RATIO	reproduce/photon-electron	62017db137c04883b1523c36ab13c894e651fd68dc4608e386027ecb82209810	Initial public declaration; pre-public mapping remains in legacy/CUTOVER_AUDIT.md
GENESIS-ELECTRON-G-DOUBLE-COVER	1	2026-07-13	canon-v1-genesis	ELECTRON-G-DOUBLE-COVER	DECLARE	-	T	9a2478234876e32a6a0aca0608efe1dace36f4b8c790f88bd9bf5edeaf343b5b	EV-ELECTRON-G-DOUBLE-COVER	reproduce/photon-electron	62017db137c04883b1523c36ab13c894e651fd68dc4608e386027ecb82209810	Initial public declaration; pre-public mapping remains in legacy/CUTOVER_AUDIT.md
GENESIS-ELECTRON-G-TREE	1	2026-07-13	canon-v1-genesis	ELECTRON-G-TREE	DECLARE	-	D	a19e139f31e2e630a346178cde36b7a26e5c626cc8a78668ce74afe97a6db518	EV-ELECTRON-G-TREE	reproduce/photon-electron	62017db137c04883b1523c36ab13c894e651fd68dc4608e386027ecb82209810	Initial public declaration; pre-public mapping remains in legacy/CUTOVER_AUDIT.md
GENESIS-ELECTRON-SIGN-LAWS	1	2026-07-13	canon-v1-genesis	ELECTRON-SIGN-LAWS	DECLARE	-	T	fc03318bde89fd5a6afa256f617d5b698a392ea00a464ed6ae9873d9afa53825	EV-ELECTRON-SIGN-LAWS	reproduce/photon-electron	62017db137c04883b1523c36ab13c894e651fd68dc4608e386027ecb82209810	Initial public declaration; pre-public mapping remains in legacy/CUTOVER_AUDIT.md
GENESIS-ELECTRON-SIGN	1	2026-07-13	canon-v1-genesis	ELECTRON-SIGN	DECLARE	-	D	b77e89f527d44006ef3ec11bcbed649bc163178408ca065c6707e7c53197edf3	EV-ELECTRON-SIGN	reproduce/photon-electron	62017db137c04883b1523c36ab13c894e651fd68dc4608e386027ecb82209810	Initial public declaration; pre-public mapping remains in legacy/CUTOVER_AUDIT.md
GENESIS-PHOTON-WINDOW-PROOF	1	2026-07-13	canon-v1-genesis	PHOTON-WINDOW-PROOF	DECLARE	-	O	5431251a638e7882c9a8079ac1820bb2ab3c979ea7ffabc58bba79436171295e	EV-PHOTON-WINDOW-PROOF	inline	e75eae45be3a5433980272a670d3a3cd140c40f39d9bbaed5c5ee56a6b9a7f2c	Initial public declaration; pre-public mapping remains in legacy/CUTOVER_AUDIT.md
GENESIS-PENTIT-ROOT-FACTS	1	2026-07-13	canon-v1-genesis	PENTIT-ROOT-FACTS	DECLARE	-	T	6d1a55b0f98079b1ff770f53f86bfa7a86446029ced9c27d8d7c7e300132a5ca	EV-PENTIT-ROOT-FACTS	reproduce/pentit-p5-closure	c5fdcd9781ef68345d99cb4868dc50088531fa03ef92a42902d58718d638808a	Initial public declaration; pre-public mapping remains in legacy/CUTOVER_AUDIT.md
GENESIS-PENTIT-ROOT-READING	1	2026-07-13	canon-v1-genesis	PENTIT-ROOT-READING	DECLARE	-	D	9efc10b4cd4f6216b2b6fc9f6191b41d3ba07dbb6afa1e43bc6cc9b612ed62e7	EV-PENTIT-ROOT-READING	reproduce/pentit-p5-closure	c5fdcd9781ef68345d99cb4868dc50088531fa03ef92a42902d58718d638808a	Initial public declaration; pre-public mapping remains in legacy/CUTOVER_AUDIT.md
GENESIS-MAGIC-PRIME-GATE	1	2026-07-13	canon-v1-genesis	MAGIC-PRIME-GATE	DECLARE	-	T	0befea95c480f12b3665672530a9f8735b7caf766ff8f5cccd63485bf817f18c	EV-MAGIC-PRIME-GATE	reproduce/pentit-p5-closure	c5fdcd9781ef68345d99cb4868dc50088531fa03ef92a42902d58718d638808a	Initial public declaration; pre-public mapping remains in legacy/CUTOVER_AUDIT.md
GENESIS-QUBIT-FROM-F5	1	2026-07-13	canon-v1-genesis	QUBIT-FROM-F5	DECLARE	-	T	f906d8911d3fa07a1aaf7e752393e92b9a48309cc0e43e8de7194b9badb9558e	EV-QUBIT-FROM-F5	reproduce/pentit-p5-closure	c5fdcd9781ef68345d99cb4868dc50088531fa03ef92a42902d58718d638808a	Initial public declaration; pre-public mapping remains in legacy/CUTOVER_AUDIT.md
GENESIS-BELL-MAGIC-BOUNDARY	1	2026-07-13	canon-v1-genesis	BELL-MAGIC-BOUNDARY	DECLARE	-	O	e9bb737c0c5ffe91c8a6dc24b79b1e69c0f0b808e01a6ff5689db876be42021d	EV-BELL-MAGIC-BOUNDARY	inline	e75eae45be3a5433980272a670d3a3cd140c40f39d9bbaed5c5ee56a6b9a7f2c	Initial public declaration; pre-public mapping remains in legacy/CUTOVER_AUDIT.md
GENESIS-P5-ROOT-SELECTION	1	2026-07-13	canon-v1-genesis	P5-ROOT-SELECTION	DECLARE	-	T	30f24f8fcb42d629e800229b84f4eb49538381ab829d8902f40bdeabed344e11	EV-P5-ROOT-SELECTION	reproduce/pentit-p5-closure	c5fdcd9781ef68345d99cb4868dc50088531fa03ef92a42902d58718d638808a	Initial public declaration; pre-public mapping remains in legacy/CUTOVER_AUDIT.md
CANON2-BELL-MAGIC-BOUNDARY	2	2026-07-14	canon-v2	BELL-MAGIC-BOUNDARY	STATUS_CHANGE	O	T	84eb16cb90d648fad0b4f2ead365a09192743b31038c50ef57e6035f8b8f65b2	EV-BELL-MAGIC-BOUNDARY	probes/P-BELL-MAGIC-BOUNDARY-1	93fd7d77c575886c409175a00404c2f3815779a7d69d56b05dd93e11f835391e	Two-architecture exact enumeration proved both frozen maxima and their strict comparison at the finite-functional scope
CANON2-SPIN-LIFT-FORCED	2	2026-07-14	canon-v2	SPIN-LIFT-FORCED	STATUS_CHANGE	O	F	c33252a6a55b69861ffc276f25565cded49e12404864b2a9967ef1ced3f014f0	EV-SPIN-LIFT-FORCED	probes/P-SPIN-LIFT-FORCED-1	bda8e09a5de84f34c2a836cedfa44c902662556e14f60448dd6f3db0351464c7	The registered uniqueness falsifier fired: complete exact enumeration found four inequivalent admissible lift classes
CANON2-CURVATURE-HISTORICAL-TRACE	1	2026-07-14	canon-v2	CURVATURE-HISTORICAL-TRACE	DECLARE	-	T	d7091b7325aaa75ba75057edee81b6801e583fcacc795f1ca42f9410b2f1fdbc	EV-CURVATURE-HISTORICAL-TRACE	probes/P-CURVATURE-TRACE-VALUE-1	c27b18fcb8bbd7b72b915c7121db834c626dda3aa440ea63def8cfb97bbfb5be	Two independent exact routes and two architectures establish the trace of the frozen historical operator
CANON2-CURVATURE-TRACE-VALUE	2	2026-07-14	canon-v2	CURVATURE-TRACE-VALUE	STATUS_CHANGE	O	F	68422f5b1d6a84f7621950ade3df522c2e695d7ce1dd024e6484e455c845d9f0	EV-CURVATURE-TRACE-VALUE	probes/P-CURVATURE-TRACE-VALUE-1	c27b18fcb8bbd7b72b915c7121db834c626dda3aa440ea63def8cfb97bbfb5be	The preregistered -21/8 proposal is falsified by the exact value -881/8 at the frozen historical surface
CANON2-CURVATURE-OPERATOR-CANONICAL	1	2026-07-14	canon-v2	CURVATURE-OPERATOR-CANONICAL	DECLARE	-	O	253142e1d51b0d18d8dcb866ad3de64579ee1782e32983f2b4d0fe0c2d3bbfa5	EV-CURVATURE-OPERATOR-CANONICAL	inline	abd0e026ccc2be00cdb0d9d13d634e0a71602b1565e6d53ac23a99b506281021	The historical trace result does not select a canonical operator, so the classification obligation is declared separately
CANON2-EVIDENCE-ALPHA-S-RUNNING	2	2026-07-14	canon-v2	ALPHA-S-RUNNING	EVIDENCE_CHANGE	O	O	ffaee924dc7668e3a3207bb2070529142c959108f5c072af912d3c036f671e65	EV-ALPHA-S-RUNNING	inline	abd0e026ccc2be00cdb0d9d13d634e0a71602b1565e6d53ac23a99b506281021	Public Canon v2 re-pins unchanged inline evidence to the current content-addressed Canon file; status and scope are unchanged
CANON2-EVIDENCE-AXIOM-PROJECTION-DICTIONARY	2	2026-07-14	canon-v2	AXIOM-PROJECTION-DICTIONARY	EVIDENCE_CHANGE	D	D	a828a2307412308876c209f660579d360252b3bd5626ed3f83d5967c2f971a02	EV-AXIOM-PROJECTION-DICTIONARY	inline	abd0e026ccc2be00cdb0d9d13d634e0a71602b1565e6d53ac23a99b506281021	Public Canon v2 re-pins unchanged inline evidence to the current content-addressed Canon file; status and scope are unchanged
CANON2-EVIDENCE-COLOR-LADDER-DICTIONARY	2	2026-07-14	canon-v2	COLOR-LADDER-DICTIONARY	EVIDENCE_CHANGE	D	D	a79570f964b98ce6dbd466557576d512ebf87bedc6716abb3b4409acb5d705b3	EV-COLOR-LADDER-DICTIONARY	inline	abd0e026ccc2be00cdb0d9d13d634e0a71602b1565e6d53ac23a99b506281021	Public Canon v2 re-pins unchanged inline evidence to the current content-addressed Canon file; status and scope are unchanged
CANON2-EVIDENCE-COLOR-MEASURE-SELECTION	2	2026-07-14	canon-v2	COLOR-MEASURE-SELECTION	EVIDENCE_CHANGE	O	O	eedcff199d28c1d4df7f709ea538b5510c64c85185ac61f7ea294b507455f716	EV-COLOR-MEASURE-SELECTION	inline	abd0e026ccc2be00cdb0d9d13d634e0a71602b1565e6d53ac23a99b506281021	Public Canon v2 re-pins unchanged inline evidence to the current content-addressed Canon file; status and scope are unchanged
CANON2-EVIDENCE-COSMOLOGY-READING-DICTIONARY	2	2026-07-14	canon-v2	COSMOLOGY-READING-DICTIONARY	EVIDENCE_CHANGE	D	D	9f462ce0a40b8d01e31c6ad6d59a1516dac035201f14eb55475babdd15006679	EV-COSMOLOGY-READING-DICTIONARY	inline	abd0e026ccc2be00cdb0d9d13d634e0a71602b1565e6d53ac23a99b506281021	Public Canon v2 re-pins unchanged inline evidence to the current content-addressed Canon file; status and scope are unchanged
CANON2-EVIDENCE-COULOMB-PROJECTION	2	2026-07-14	canon-v2	COULOMB-PROJECTION	EVIDENCE_CHANGE	D	D	fcfe6228e2ee69d70c00c54b1fda1fd2492995e251e64cd206323dfc0a847517	EV-COULOMB-PROJECTION	inline	abd0e026ccc2be00cdb0d9d13d634e0a71602b1565e6d53ac23a99b506281021	Public Canon v2 re-pins unchanged inline evidence to the current content-addressed Canon file; status and scope are unchanged
CANON2-EVIDENCE-DE-CONFORMAL-WEIGHT	2	2026-07-14	canon-v2	DE-CONFORMAL-WEIGHT	EVIDENCE_CHANGE	O	O	3d70f8c925e508563f1f71b5a3e2562745f5630f9778f78082d70e59f741672c	EV-DE-CONFORMAL-WEIGHT	inline	abd0e026ccc2be00cdb0d9d13d634e0a71602b1565e6d53ac23a99b506281021	Public Canon v2 re-pins unchanged inline evidence to the current content-addressed Canon file; status and scope are unchanged
CANON2-EVIDENCE-DRESS-CROSSCOUNT	2	2026-07-14	canon-v2	DRESS-CROSSCOUNT	EVIDENCE_CHANGE	O	O	ce671d700f3ee83da0fddec89ba80150b284bcd7adf21797a4b3c8e957b556dd	EV-DRESS-CROSSCOUNT	inline	abd0e026ccc2be00cdb0d9d13d634e0a71602b1565e6d53ac23a99b506281021	Public Canon v2 re-pins unchanged inline evidence to the current content-addressed Canon file; status and scope are unchanged
CANON2-EVIDENCE-FORCE-AS-CURVATURE	2	2026-07-14	canon-v2	FORCE-AS-CURVATURE	EVIDENCE_CHANGE	D	D	e240ce5de9bd398e402e88bcf5c4a1e3328aff7b2e62aca550a8fd098adeba0a	EV-FORCE-AS-CURVATURE	inline	abd0e026ccc2be00cdb0d9d13d634e0a71602b1565e6d53ac23a99b506281021	Public Canon v2 re-pins unchanged inline evidence to the current content-addressed Canon file; status and scope are unchanged
CANON2-EVIDENCE-FORCE-POLAR-SIGN	2	2026-07-14	canon-v2	FORCE-POLAR-SIGN	EVIDENCE_CHANGE	D	D	c745d3122637d3e9f7ff586227f51d5fff40e3c32ffa943f50d6b4cfd1799cd9	EV-FORCE-POLAR-SIGN	inline	abd0e026ccc2be00cdb0d9d13d634e0a71602b1565e6d53ac23a99b506281021	Public Canon v2 re-pins unchanged inline evidence to the current content-addressed Canon file; status and scope are unchanged
CANON2-EVIDENCE-FRW-INHOM	2	2026-07-14	canon-v2	FRW-INHOM	EVIDENCE_CHANGE	O	O	db6694a8e05c838f7dff276bcb2840c10346e756b9862f87b62931c33a48ed38	EV-FRW-INHOM	inline	abd0e026ccc2be00cdb0d9d13d634e0a71602b1565e6d53ac23a99b506281021	Public Canon v2 re-pins unchanged inline evidence to the current content-addressed Canon file; status and scope are unchanged
CANON2-EVIDENCE-GENERATIONS-L3	2	2026-07-14	canon-v2	GENERATIONS-L3	EVIDENCE_CHANGE	O	O	6c4fd902f395d86a996f27c64f55c26e40eff44b344b364d2829be09f87b6ade	EV-GENERATIONS-L3	inline	abd0e026ccc2be00cdb0d9d13d634e0a71602b1565e6d53ac23a99b506281021	Public Canon v2 re-pins unchanged inline evidence to the current content-addressed Canon file; status and scope are unchanged
CANON2-EVIDENCE-J-PROJECTIONS	2	2026-07-14	canon-v2	J-PROJECTIONS	EVIDENCE_CHANGE	T	T	61877f7d0b757bc8a3e6d7fa2699ab2d40f1976258d7241f797bc53fe766b408	EV-J-PROJECTIONS	inline	abd0e026ccc2be00cdb0d9d13d634e0a71602b1565e6d53ac23a99b506281021	Public Canon v2 re-pins unchanged inline evidence to the current content-addressed Canon file; status and scope are unchanged
CANON2-EVIDENCE-KC3-PLENUM-READOUT	2	2026-07-14	canon-v2	KC3-PLENUM-READOUT	EVIDENCE_CHANGE	H	H	b53fdba7c8c20c2d5daaaae2e09a601861542a972f23c8040ec772e95dbf36af	EV-KC3-PLENUM-READOUT	inline	abd0e026ccc2be00cdb0d9d13d634e0a71602b1565e6d53ac23a99b506281021	Public Canon v2 re-pins unchanged inline evidence to the current content-addressed Canon file; status and scope are unchanged
CANON2-EVIDENCE-KERNEL-CELL-DICTIONARY	2	2026-07-14	canon-v2	KERNEL-CELL-DICTIONARY	EVIDENCE_CHANGE	D	D	75968572aa4951b8b5cf12279d75c6eff6efd591d0fad928eb3aa882c1433f2f	EV-KERNEL-CELL-DICTIONARY	inline	abd0e026ccc2be00cdb0d9d13d634e0a71602b1565e6d53ac23a99b506281021	Public Canon v2 re-pins unchanged inline evidence to the current content-addressed Canon file; status and scope are unchanged
CANON2-EVIDENCE-KERNEL-CONNECT-ALL-K	2	2026-07-14	canon-v2	KERNEL-CONNECT-ALL-K	EVIDENCE_CHANGE	H	H	1e99eee2b69d95e5fcadde8fdf09ef1d4c4f11c993b504553f01a4781ef45929	EV-KERNEL-CONNECT-ALL-K	inline	abd0e026ccc2be00cdb0d9d13d634e0a71602b1565e6d53ac23a99b506281021	Public Canon v2 re-pins unchanged inline evidence to the current content-addressed Canon file; status and scope are unchanged
CANON2-EVIDENCE-LOG-AXES-INDEPENDENCE	2	2026-07-14	canon-v2	LOG-AXES-INDEPENDENCE	EVIDENCE_CHANGE	T	T	40d4eb54145f0c9a17a6a0b4c6a9bfb641c668e647f13dccadf05e919a1020c6	EV-LOG-AXES-INDEPENDENCE	inline	abd0e026ccc2be00cdb0d9d13d634e0a71602b1565e6d53ac23a99b506281021	Public Canon v2 re-pins unchanged inline evidence to the current content-addressed Canon file; status and scope are unchanged
CANON2-EVIDENCE-METRO-ADMISSIBILITY	2	2026-07-14	canon-v2	METRO-ADMISSIBILITY	EVIDENCE_CHANGE	O	O	1f2ea971c4fa2716bbbeba4b77989a5d5e79f304bff10df2de2efc387c3b2111	EV-METRO-ADMISSIBILITY	inline	abd0e026ccc2be00cdb0d9d13d634e0a71602b1565e6d53ac23a99b506281021	Public Canon v2 re-pins unchanged inline evidence to the current content-addressed Canon file; status and scope are unchanged
CANON2-EVIDENCE-METRO-EDGE-SCALE	2	2026-07-14	canon-v2	METRO-EDGE-SCALE	EVIDENCE_CHANGE	O	O	c396080b9c0328728c2bdea1303035f541716a7b33f242468bdf469518f63c59	EV-METRO-EDGE-SCALE	inline	abd0e026ccc2be00cdb0d9d13d634e0a71602b1565e6d53ac23a99b506281021	Public Canon v2 re-pins unchanged inline evidence to the current content-addressed Canon file; status and scope are unchanged
CANON2-EVIDENCE-NEUTRON-DELTA-EM	2	2026-07-14	canon-v2	NEUTRON-DELTA-EM	EVIDENCE_CHANGE	O	O	d99032dd36f64457dfe7befc2107289ade2bd5e179eebbfabb56daae80d0528a	EV-NEUTRON-DELTA-EM	inline	abd0e026ccc2be00cdb0d9d13d634e0a71602b1565e6d53ac23a99b506281021	Public Canon v2 re-pins unchanged inline evidence to the current content-addressed Canon file; status and scope are unchanged
CANON2-EVIDENCE-NS-TILT	2	2026-07-14	canon-v2	NS-TILT	EVIDENCE_CHANGE	H	H	1e9ee6e44b0a26c7281d6da06c823208a9f76e94c63c216b59310e253eec5b78	EV-NS-TILT	inline	abd0e026ccc2be00cdb0d9d13d634e0a71602b1565e6d53ac23a99b506281021	Public Canon v2 re-pins unchanged inline evidence to the current content-addressed Canon file; status and scope are unchanged
CANON2-EVIDENCE-OBSERVER-WRITE-PORT	2	2026-07-14	canon-v2	OBSERVER-WRITE-PORT	EVIDENCE_CHANGE	H	H	2514a441ac07d4532412dad08f6b8cdece22779c2dec7e811b5e8c8e7beeb6c0	EV-OBSERVER-WRITE-PORT	inline	abd0e026ccc2be00cdb0d9d13d634e0a71602b1565e6d53ac23a99b506281021	Public Canon v2 re-pins unchanged inline evidence to the current content-addressed Canon file; status and scope are unchanged
CANON2-EVIDENCE-PHOTON-WINDOW-PROOF	2	2026-07-14	canon-v2	PHOTON-WINDOW-PROOF	EVIDENCE_CHANGE	O	O	5431251a638e7882c9a8079ac1820bb2ab3c979ea7ffabc58bba79436171295e	EV-PHOTON-WINDOW-PROOF	inline	abd0e026ccc2be00cdb0d9d13d634e0a71602b1565e6d53ac23a99b506281021	Public Canon v2 re-pins unchanged inline evidence to the current content-addressed Canon file; status and scope are unchanged
CANON2-EVIDENCE-PI-FROM-J	2	2026-07-14	canon-v2	PI-FROM-J	EVIDENCE_CHANGE	T	T	e4e8580b30cbf009a04e887d6f926b83744d19a8996d709468ac68b8d898ffff	EV-PI-FROM-J	inline	abd0e026ccc2be00cdb0d9d13d634e0a71602b1565e6d53ac23a99b506281021	Public Canon v2 re-pins unchanged inline evidence to the current content-addressed Canon file; status and scope are unchanged
CANON2-EVIDENCE-PLENUM-POINT	2	2026-07-14	canon-v2	PLENUM-POINT	EVIDENCE_CHANGE	T	T	8c591a20ff64eba8d6d544c19930da3f7bf71d2d0a5f878848bd1f89951ab11e	EV-PLENUM-POINT	inline	abd0e026ccc2be00cdb0d9d13d634e0a71602b1565e6d53ac23a99b506281021	Public Canon v2 re-pins unchanged inline evidence to the current content-addressed Canon file; status and scope are unchanged
CANON2-EVIDENCE-POL-READ	2	2026-07-14	canon-v2	POL-READ	EVIDENCE_CHANGE	O	O	126d50392d6da425ca1e013c17d54e2bb43f62c64d4c01c2cb5dc86311f7fde5	EV-POL-READ	inline	abd0e026ccc2be00cdb0d9d13d634e0a71602b1565e6d53ac23a99b506281021	Public Canon v2 re-pins unchanged inline evidence to the current content-addressed Canon file; status and scope are unchanged
CANON2-EVIDENCE-PROTON-RESIDUAL-IS-QCD	2	2026-07-14	canon-v2	PROTON-RESIDUAL-IS-QCD	EVIDENCE_CHANGE	O	O	4bb6210cfa9ba6e771449950fe00d22860f8b183ab5a275cee2dd97f2d2a7b46	EV-PROTON-RESIDUAL-IS-QCD	inline	abd0e026ccc2be00cdb0d9d13d634e0a71602b1565e6d53ac23a99b506281021	Public Canon v2 re-pins unchanged inline evidence to the current content-addressed Canon file; status and scope are unchanged
CANON2-EVIDENCE-QNM-LEAVER-MU	2	2026-07-14	canon-v2	QNM-LEAVER-MU	EVIDENCE_CHANGE	O	O	a3397550758e2dff9f1568c91f6bf57dd391e1364db9e858124d98811255724b	EV-QNM-LEAVER-MU	inline	abd0e026ccc2be00cdb0d9d13d634e0a71602b1565e6d53ac23a99b506281021	Public Canon v2 re-pins unchanged inline evidence to the current content-addressed Canon file; status and scope are unchanged
CANON2-EVIDENCE-QUADRATIC-DECODER-DATA	2	2026-07-14	canon-v2	QUADRATIC-DECODER-DATA	EVIDENCE_CHANGE	O	O	c55955f1c3447bddfee9f10658812ccde118df4e5364db55a5af3eac57cf6991	EV-QUADRATIC-DECODER-DATA	inline	abd0e026ccc2be00cdb0d9d13d634e0a71602b1565e6d53ac23a99b506281021	Public Canon v2 re-pins unchanged inline evidence to the current content-addressed Canon file; status and scope are unchanged
CANON2-EVIDENCE-QUADRATIC-ENVELOPE-DECODER	2	2026-07-14	canon-v2	QUADRATIC-ENVELOPE-DECODER	EVIDENCE_CHANGE	H	H	3f4b9be6e90169fc67780e52b115cf75c6e3817e4b1080b61f3df6cb78cd4376	EV-QUADRATIC-ENVELOPE-DECODER	inline	abd0e026ccc2be00cdb0d9d13d634e0a71602b1565e6d53ac23a99b506281021	Public Canon v2 re-pins unchanged inline evidence to the current content-addressed Canon file; status and scope are unchanged
CANON2-EVIDENCE-QUANT-SUBSTRATE	2	2026-07-14	canon-v2	QUANT-SUBSTRATE	EVIDENCE_CHANGE	O	O	da63d4024b309a405ce433ec1a384f2c6b147e0f376a9d3210f1bb775ac8c60f	EV-QUANT-SUBSTRATE	inline	abd0e026ccc2be00cdb0d9d13d634e0a71602b1565e6d53ac23a99b506281021	Public Canon v2 re-pins unchanged inline evidence to the current content-addressed Canon file; status and scope are unchanged
CANON2-EVIDENCE-READING-SPLIT	2	2026-07-14	canon-v2	READING-SPLIT	EVIDENCE_CHANGE	D	D	2e580c274aa31a28c1a825e6f3e4b19c7a2f1b3b6ad857b885d9a5d7de6b9719	EV-READING-SPLIT	inline	abd0e026ccc2be00cdb0d9d13d634e0a71602b1565e6d53ac23a99b506281021	Public Canon v2 re-pins unchanged inline evidence to the current content-addressed Canon file; status and scope are unchanged
CANON2-EVIDENCE-SCHEME-DICTIONARY	2	2026-07-14	canon-v2	SCHEME-DICTIONARY	EVIDENCE_CHANGE	O	O	864f98ed458208b8dd614be372159e9bb5d3d84c539ac70489c0261391bafff1	EV-SCHEME-DICTIONARY	inline	abd0e026ccc2be00cdb0d9d13d634e0a71602b1565e6d53ac23a99b506281021	Public Canon v2 re-pins unchanged inline evidence to the current content-addressed Canon file; status and scope are unchanged
CANON2-EVIDENCE-SQRT-PHI-TIME-GRAVITY	2	2026-07-14	canon-v2	SQRT-PHI-TIME-GRAVITY	EVIDENCE_CHANGE	O	O	173f397b65597fae45df069d2bde9b98d7bafd8bd369473996063fdbf66e6705	EV-SQRT-PHI-TIME-GRAVITY	inline	abd0e026ccc2be00cdb0d9d13d634e0a71602b1565e6d53ac23a99b506281021	Public Canon v2 re-pins unchanged inline evidence to the current content-addressed Canon file; status and scope are unchanged
CANON2-EVIDENCE-TM-SYM2-MEASURE	2	2026-07-14	canon-v2	TM-SYM2-MEASURE	EVIDENCE_CHANGE	H	H	a255173d94027627150ef13f033ee88eec85f9c090c83777b3e41addc4c94a31	EV-TM-SYM2-MEASURE	inline	abd0e026ccc2be00cdb0d9d13d634e0a71602b1565e6d53ac23a99b506281021	Public Canon v2 re-pins unchanged inline evidence to the current content-addressed Canon file; status and scope are unchanged
CANON2-EVIDENCE-TT-SOURCE	2	2026-07-14	canon-v2	TT-SOURCE	EVIDENCE_CHANGE	O	O	e4ef90d122fedd52a7fe7ff6a1724c1a97003adcca8492ab2ba494171b351131	EV-TT-SOURCE	inline	abd0e026ccc2be00cdb0d9d13d634e0a71602b1565e6d53ac23a99b506281021	Public Canon v2 re-pins unchanged inline evidence to the current content-addressed Canon file; status and scope are unchanged
CANON2-EVIDENCE-TT-VECTOR-STATE-NORMALIZATION	2	2026-07-14	canon-v2	TT-VECTOR-STATE-NORMALIZATION	EVIDENCE_CHANGE	O	O	2c8650eea03f835ffcb8fe0f0bf85b2600268cfdaff7413549e37cf3a5823f0c	EV-TT-VECTOR-STATE-NORMALIZATION	inline	abd0e026ccc2be00cdb0d9d13d634e0a71602b1565e6d53ac23a99b506281021	Public Canon v2 re-pins unchanged inline evidence to the current content-addressed Canon file; status and scope are unchanged
CANON2-EVIDENCE-TWO-PLACE-PHYSICS	2	2026-07-14	canon-v2	TWO-PLACE-PHYSICS	EVIDENCE_CHANGE	D	D	723345566b09c54211dcebb15a19d5f038fc7734c4e6df8c4d271befc4b4c6b0	EV-TWO-PLACE-PHYSICS	inline	abd0e026ccc2be00cdb0d9d13d634e0a71602b1565e6d53ac23a99b506281021	Public Canon v2 re-pins unchanged inline evidence to the current content-addressed Canon file; status and scope are unchanged
