claim_id	status	scope	canon_section	evidence	falsifier
J-UNIT	T	Q(zeta_5)	1. The axiom and the two projections	reproduce/kernel	
J-PROJECTIONS	T	the archimedean embedding, principal branch	1. The axiom and the two projections	inline	
PI-FROM-J	T	the principal branch logarithm	1. The axiom and the two projections	inline	
J-GOLDEN-BRIDGE	T	Z[zeta_5]	1. The axiom and the two projections	reproduce/kernel	
J-STEP	T	Z^4, the regular representation	1. The axiom and the two projections	reproduce/kernel	
J-MODULUS-CHORD	T	Q(sqrt5)	1. The axiom and the two projections	reproduce/kernel	
J-TENTH-ROOT	T	Z[zeta_5]	1. The axiom and the two projections	reproduce/kernel	
J-RAMIFIED-CHORD	T	Z[zeta_5]	1. The axiom and the two projections	reproduce/kernel	
PLENUM-POINT	T	Z[i] and Z[zeta_20], the archimedean readout	1. The axiom and the two projections	inline	
LOG-AXES-INDEPENDENCE	T	pi and ln phi are linearly independent over the algebraic numbers: i pi = Log(-1) and ln phi = Log(phi) are logarithms of algebraic numbers, Q-linearly independent, hence independent over the algebraic numbers by Baker; linear independence only, no algebraic independence	1. The axiom and the two projections	inline	
ALPHA-SEED	T	the trace direction of the Galois Gram, p in {3, 5, 7, 11, 13}	6. Alpha and the observable register	reproduce/alpha-exact-lemma	
BORN-FACE-WEIGHTS	T	the five abelian face weights, exact in Q(sqrt5)	8. The measure and Born	reproduce/born-faces	
BORN-HALF-ANGLE	T	every Born unit of A_8 = Z[zeta_8]/5; the normalized root on the 11 non antipodal units of the norm gated half (the squares of the cyclic unit group of order 24); at u = -1 the bisector vanishes and normalization is undefined	8. The measure and Born	reproduce/born-quartet	
BORN-RESIDUAL-SPLIT	T	the residual rings Z[i]/5 and Z[zeta_8]/5 and their conjugation swap	8. The measure and Born	reproduce/born-quartet	
SPIN-BISECTOR	T	the integer skeleton and the SL_2(F_25) shadow of order 8; no positivity claim	8. The measure and Born	reproduce/born-quartet	
BORN-ORDER-STAIRCASE	T	root orders 4, 8, 16 first realized at F_5, F_25, F_625, with minimality against every smaller degree (16 divides none of 4, 24, 124); the gate is the square condition on the bisector norm	8. The measure and Born	reproduce/born-quartet	
CENSUS-313	C	the full enumeration of Z_5^6 under the Thue-Morse driven kernel, warmup 400, window 300, closure and stability checked	3. The kernel and the census	reproduce/census	
CENSUS-Z5-SHEET	C	all recurrent states of the census	3. The kernel and the census	reproduce/census	
CENSUS-PAIRING	C	the piston pairing involution on the 313 attractors	3. The kernel and the census	reproduce/census	
CENSUS-HOSTING	C	the return group of order 10 and the two coset formula on all 313 attractors	3. The kernel and the census	reproduce/census	
DIRAC-LADDER	D	the five gate closure of the electron ladder (light cone, spinor floor, carrier root, step dictionary, place distinction) and the checkerboard read between the rungs; the dictionary layer of the electron ladder	9. The photon and the electron	reproduce/dirac-ladder	
LADDER-LIGHTCONE	T	u = 2 phi^n, v = 2 phi^-n in Q(sqrt5): u v = 4 exactly, one tick is u -> phi u and v -> v / phi, conjugation swaps the legs with sign (-1)^n; L^2 - 5 F^2 = 4 (-1)^n	9. The photon and the electron	reproduce/dirac-ladder	
SPINOR-FLOOR	T	N(phi) = -1 with the alternator as N(phi^n) = (-1)^n; even rungs halve inside Q(sqrt5), odd rungs do not: x^4 - x^2 - 1 irreducible over Q and phi^3 = 2 + sqrt5 not a square in Q(sqrt5)	9. The photon and the electron	reproduce/dirac-ladder	
FIB-ROOT-TIES	T	det Fm = -1 = N(phi); Fm^2 is the cat map, Z conjugate to the modulus carrier; mod 5 the J-carrier is one Jordan block J_4(2), the towers close at 20 = 4p and 10 = 2p with -I at half period, and Fm is conjugate to the 1-jet of the carrier	9. The photon and the electron	reproduce/dirac-ladder	
FIB-ROOT-CARRIER	D	the ladder root read as the carrier root at the norm and 1-jet levels; the generator pairing at the inverse fourth roots 3 = 2^-1 in F_5	9. The photon and the electron	reproduce/dirac-ladder	
DIRAC-STEP-THEOREMS	T	the step invariants: trace z + 1/z mass free, determinant 1 + m^2 momentum free (electron 5 = p, photon 1), disc = (z - 1/z)^2 - 4 m^2, the exact mass shell Ehat^2 - phat^2 = m^2 for every z with band values 4 = u v and 5 = det, and the unitarized rest coin of infinite order	9. The photon and the electron	reproduce/dirac-ladder	
DIRAC-STEP	D	D_J(m)(z) = S(z)(I + i m X) read from the axiom with zero free parameters: coefficient set {1, i m}, massless the one sided shift, the mass insertion purely off diagonal; streaming is the counter, the coin modulus is the rest rung, the phase i is the plenum ellipticity	9. The photon and the electron	reproduce/dirac-ladder	
LADDER-SPIN-PLACES	T	the ladder involution (chi5, conductor 5, the sqrt5 place) and the spin involution (chi8, conductor 8, the sqrt2 place) are distinct place attached Galois involutions, witnesses 7 and 23; charge conjugation is the swap of the Gaussian primes above 5, swapping the rest eigenvalues 1 +- 2i	9. The photon and the electron	reproduce/dirac-ladder	
CHECKERBOARD-GAUSS-TOWER	T	one binomial pair per case with the reversal parity law; diagonal totals in Z, cross totals in iZ; the transition census (1 + t)^n; totals (1 + 2i)^n with recursion x^2 - 2x + 5 and c^2 + d^2 = 5^n; zone edges -5 I for the electron and -I for the photon	9. The photon and the electron	reproduce/dirac-ladder	
FERMIONIZER	T	Phi_f(s) = 1 - 2^(1-s): the bit at s = 1, the duty cycle 1/2 at s = 2, the stalemate -1 at s = 0, the Mersenne form at even s; Phi_f(-5) = -63 = -(2^6 - 1) and eta(-5) = Phi_f(-5) zeta(-5) = 1/4	9. The photon and the electron	reproduce/dirac-ladder	
LADDER-ALTERNATOR-BASIS	T	one beat is one boost times one alternator tick: STEP = B_J A = A B_J with A^2 = I and STEP^2 = B_J^2, det STEP = -1 = N(phi); the invariant E^2 - P^2 = 4 a b (-1)^n with readings L_n and sqrt5 F_n at balance and the balanced shell m = 2a	9. The photon and the electron	reproduce/dirac-ladder	
TM-BREATH-TOWER	T	the alternator factorization (-1)^t(n) = (-1)^n (-1)^t(n div 2): breath at one scale, Thue-Morse at every scale; aligned dyadic blocks cancel, sliding cancellation forces the pure breath, and the product formula ties every scale	9. The photon and the electron	reproduce/dirac-ladder	
BOOST-READING-SPLIT	T	for every n >= 0 in Q(sqrt5), C_n = phi^n + phi^-n and S_n = phi^n - phi^-n read as (L_n, sqrt5 F_n) for even n and (sqrt5 F_n, L_n) for odd n; beta_n = S_n/C_n obeys the exact index-addition law and C_n^2 - S_n^2 = 4	10. Relativity as counting	reproduce/observer-boost	
BOOST-COUNT-LADDER	D	the integer exponent n read as the substrate rapidity count n ln phi and beta_n as the decoder velocity; Einstein composition read as index addition, resting on BOOST-READING-SPLIT	10. Relativity as counting	reproduce/observer-boost	
OBSERVER-ALTERNATOR	D	the observer partition of mu_4 read as 1 + 3 and the substrate partition as the two fixed-point-free orbits of multiplication by -1, 2 + 2; the alternator is the dictionary hinge	10. Relativity as counting	reproduce/observer-boost	
BOOST-AXIS	D	in the commuting diagonal model B_J = diag(phi, phi^-1) and A = diag(1, -1), the two exact A eigendirections read as the frozen boost axis; no claim that the reading is forced	10. Relativity as counting	reproduce/observer-boost	
COLOR-RETURN-D5	T	the recurrent return group H1 is D5 of order 10 with its exact Q(sqrt5) character table and Plancherel mass M(E) = 10 |E| for every ensemble	12. The color door	reproduce/color-ladder	
COLOR-TORSOR-HOLONOMY	T	the 312 size-20 attractor halves are free D5 torsors; the singlet half is the five reflection axes; the recurrent spatial image is a Klein four group, orientation is tick parity, and Phi lies in SL_3(F_5)	12. The color door	reproduce/color-ladder	
COLOR-SPLIT-12	D	the trace kernel read under Phi as the eigenspace split 3 = 1 + 2, one symmetric line plus the antisymmetric color plane	12. The color door	reproduce/color-ladder	
COLOR-DYNAMICAL-COLOR	F	the registered attempt to obtain non abelian color from the named dynamical census symmetries and translation candidate families of rung 3A	12. The color door	reproduce/color-ladder	fired: the generated group has order 20 and its special-linear spatial image is exactly {I, Phi} = Z_2
COLOR-KIN-NORMALIZER	T	within the filtered product-affine family, the full 40 x 480 = 19200 element normalizer permutes all 313 attractor supports; two L_plus and three GL_2(F_5) generators suffice	12. The color door	reproduce/color-ladder	
COLOR-KINEMATICAL-GL2	D	the special-linear kinematical image read as GL_2(F_5) of order 480 on the antisymmetric plane, embedded by g -> (det g)^-1 direct-sum g along 3 = 1 + 2	12. The color door	reproduce/color-ladder	
COLOR-CORE-2I	T	the perfect special-linear core of order 120 with center {I, -I}, nine measured conjugacy classes, and the ramified trace table; identified as 2I = SL_2(F_5)	12. The color door	reproduce/color-ladder	
COLOR-GOLDEN-TABLE	T	the full 9 x 9 character table of 2I over Q(sqrt5), row and column orthogonality, Galois stability, the unique involution and dicyclic D5 lift, the exact readouts, and the Brauer shadow	12. The color door	reproduce/color-ladder	
COLOR-MCKAY-E8	T	tensoring by the spin row gives affine E8 with dimension marks; the moments are Catalan through degree 10 and first differ at degree 12 by 133 = 132 + 1; the verb weights are {4 phi^-2, 4 phi^2}	12. The color door	reproduce/color-ladder	
COLOR-MOMENT-FINGERPRINT	T	the moment series is the matching-polynomial ratio of finite to affine E8; 120 m_n = 2^(n+1) + 40 + 24 L_n for even n; 1 - J is a primitive tenth root of unity	12. The color door	reproduce/color-ladder	
COLOR-SPECTRAL-INVARIANTS	T	the fingerprint residues are the class masses |C|/120; the Molien series has generator degrees (12, 20, 30), one relation at 60, and Platonic excess 1/30 = 1/h(E8)	12. The color door	reproduce/color-ladder	
COLOR-DICKSON-RAMIFICATION	T	the ramified invariant forms E_6 and D_20 are algebraically independent; the modular invariant ring is free on degrees (6, 20); (V, F, E) = (2(p+1), p(p-1), p(p+1)) obeys V - E + F = 2 identically	12. The color door	reproduce/color-ladder	
COLOR-KLEIN-REDUCTION	T	Klein's relation T^2 + H^3 = 1728 f^5 over Z; invariant ramified reduction forces beta = 0 and gamma^2 = 3 alpha with good alpha in {2, 3}; the modular tower is Artin-Schreier	12. The color door	reproduce/color-ladder	
COLOR-INTEGRAL-LIFT	T	the two-generator 120-element model over Z[zeta_5], reduction bijective onto SL_2(F_5), Hessian shadow equal to the Dickson form, and the explicit Klein-gauge orbit satisfying gamma^2 = 3 alpha	12. The color door	reproduce/color-ladder	
COLOR-MEASURE-TRANSPORT	T	the golden dual measure transported from D5 onto the 2I core through the exact character, verb, and spectral class measures of rungs 5 to 8; no claim of the remaining lift to the full SL_3(F_5) carrier	12. The color door	reproduce/color-ladder	
KAHLER-CAPACITY	T	V_geo = (4 pi)^3 phi^2 = 64 pi^3 phi^2 from the single Kahler metric h(z) = (J Jbar)^-1 (1 + |z|^2)^-1: the order 0 jet is h(0) = phi^2 with J Jbar = 2 - phi = phi^-2 exactly in Z[zeta_5], the order 2 jet is the Fubini-Study factor (4 pi)^3; the odd pi^3 carrier of the parity law	13. Gravity and cosmology	reproduce/gravity-chain	
FRW-CANONICAL-FORM	T	the rank 1 lapse action closes the (00) constraint algebra: the lapse variation gives 3 H^2 = lambda rho, lambda = 216 pi gives H^2 = 72 pi rho, the coefficient 3 = C(3,2) counts the spatial 2-planes, continuity gives the second Friedmann equation, and the Hamiltonian constraint takes the canonical form; the fiber multiplier k_f = 1 is forced by the master closure against G_nat = 27 = d^3 with V_cell = 864 pi carrying exactly one fiber 2 pi; the source projector uniqueness, the amplitude reading rho = rho_0 ell^2, and E_total = 0 under A0 are carried at this scope from the same internal closure	13. Gravity and cosmology	reproduce/gravity-chain	
GRAVITY-BRIDGE-LAW	D	the equation layer of the SI bridge on the single anchor m_e: alpha B g = 1 identically with B = alpha^-1/g; g = 2^5 phi^2 sqrt(3 - phi) with g^2 = 1024 phi^4 (3 - phi) and 3 - phi = |1 - zeta_5|^2 exactly; G_T = (32/33)^2 alpha^20 / g with (32/33)^2 = (2^5/(2^5 + 1))^2 and alpha content exactly alpha^20; the wall spelling ell_P / lambda_e = (32/33) alpha^10 / sqrt(g) is equivalent under ell_P^2 = 27 ell_G^2; the SI value of G is not claimed and stays on the frontier	13. Gravity and cosmology	reproduce/gravity-chain	
MU-TAU-COEFFICIENT	T	C = 89/5 = 18 - 1/p exactly, with matter_spatial 18 = (1/2)(12)(3) and the trace term 1/p; the shared coefficient of the muon and tau ladder readings, with 240 C = 4272 an integer	7. The mass ladder and the parity law	reproduce/mass-ladder	
MU-EXCHANGE-IDENTITY	T	delta mu_tau + 240 delta mu_mu = 0 exactly in Q: under any shift of the shared coefficient the two ladder readings move in the ratio -240, so the exchange is exact at every alpha	7. The mass ladder and the parity law	reproduce/mass-ladder	
MASS-LADDER-FORMS	D	the committed ladder forms on the single SI anchor m_e: mu_mu = 2688/13 - C alpha^2 and mu_tau = 3477 + 240 C alpha^2 with the shared C = 89/5; mu_p = 6 pi^5 (1 + alpha^2/3), the single bare pi^5; mu_n = mu_p + deg_v/chi - Delta_EM with Delta_EM open (NEUTRON-DELTA-EM); the sigma comparisons are fenced measured witnesses and no value is claimed beyond the committed forms	7. The mass ladder and the parity law	reproduce/mass-ladder	
PARITY-LAW	T	under complex conjugation pi -> -pi every named fundamental on the register is a pure parity eigenvector: the named even entries are pi even and delta free, the three odd delta carriers are the ladder pi^1 (the capacity 2 pi/phi^2), pi^3 (the Kahler capacity), and pi^5 (the proton), and the neutron is the unique mixed composite; the full register census (seventeen even) is the internal count carried at scope	7. The mass ladder and the parity law	reproduce/mass-ladder	
BRIDGE-DEFECT	T	delta = 6 phi^2 - 5 pi = (9 + 3 sqrt5) - 5 pi is nonzero: 9 + 3 sqrt5 is algebraic with minimal polynomial x^2 - 18x + 36 and pi is transcendental (Lindemann-Weierstrass); the exact bridges xi phi^2 = 5 = p, script-Q phi^2 = 2 pi, and script-Q/xi = 2 pi/5 = arg J hold in Q(sqrt5); the numerical gap stays a labeled witness	7. The mass ladder and the parity law	reproduce/mass-ladder	
WEINBERG-TREE	T	the tree value 3/13 = deg_f/(V + 1) exactly, with deg_f = Tr(J) = 3 computed on the power basis of Z[zeta_5] and V = 12 = d(d + 1) by two agreeing routes; gcd(3, 13) = 1	6. Alpha and the observable register	reproduce/weinberg	
HYPERCHARGE-LAW	T	Y_F = (B - L) + 2 T_3^R reproduces all seven standard model hypercharges exactly in Q (the quark doublet 1/3, u_R 4/3, d_R -2/3, the lepton doublet -1, the right handed neutrino 0, e_R -2, the Higgs 1); B_quark = 1/3 = 1/dim ker(Tr) with the trace kernel of dimension 3 over Q and of size 125 = 5^3 over F_5	6. Alpha and the observable register	reproduce/weinberg	
WEINBERG-FORM	D	the committed form sin^2 theta_W = 3/13 + 1/(32 pi^2 phi^4): the single correction term (1/32) pi^-2 phi^-4 with phi^-4 = 5 - 3 phi > 0 exactly in Q(sqrt5), pi even and delta free on the parity register; the measured comparison stays a fenced witness and no value is claimed beyond the committed form	6. Alpha and the observable register	reproduce/weinberg	
MAXWELL-BIANCHI	T	on the 3+1 tesseract the Bianchi identity dF = d(dA) = 0 holds identically in the 32 independent edge symbols on all 8 cubes, and gauge invariance F[A + d Lambda] = F[A] is an identity in 16 more vertex symbols on all 24 faces	5. The force is the curvature	reproduce/maxwell	
MAXWELL-GAUSS-CHAIN	T	Gauss as the boundary equation bd E = rho on the closed 2 x 2 x 2 spatial torus: the Smith form of the boundary has all seven elementary divisors equal to 1, a constructive two edge dipole solves the point pair exactly, and the integrated law holds on every one of the 256 vertex regions	5. The force is the curvature	reproduce/maxwell	
MAXWELL-AMPERE-CHAIN	T	the inhomogeneous pair as the face boundary equation on the 2^4 spacetime torus: conservation bd1 bd2 = 0 is an exact identity in the 96 face symbols, the Smith form of the face boundary has all 45 divisors equal to 1, and H_1 is free of rank 4 with the four winding certificates pairing to the identity on the elementary winding currents	5. The force is the curvature	reproduce/maxwell	
MAXWELL-OBSTRUCTION-P	T	the obstruction pair is counted in p = 5: over F_5 Gauss is solvable iff the total charge vanishes mod 5 (rank 7 with the augmentation annihilating the image, constructive solution and exhibited obstruction), and the current pair is solvable iff the current is conserved and all four winding numbers vanish mod 5 (the exact rank identity 45 = 64 - 19, the single winding obstructed, five parallel windings solved)	5. The force is the curvature	reproduce/maxwell	
MAXWELL-CLOSED	D	the dictionary reading: the classical Maxwell system of the decoder closes exactly on the chain complex, the electric and magnetic laws as boundary equations with their obstructions counted in p; no continuum limit is claimed	5. The force is the curvature	reproduce/maxwell	
ALPHA-PREFACTOR-UNIFICATION	T	with B_{2,chi5} = 4/5 exactly by the generalized Bernoulli definition, the Gauss sum tau = zeta - zeta^2 - zeta^3 + zeta^4 = 2 phi - 1 = sqrt5 exactly in Z[zeta_5] with tau^2 = 5, and L(2, chi5) = 4 pi^2/(25 sqrt5), the identity 80 sqrt5 L(2, chi5) = (8 pi)^2/5 holds exactly in Q: the witness formula and the Queen formula are one formula and no independent L value enters the alpha sector; the prefactor is (1 + J Jbar)^(1/4) with 1 + J Jbar = 3 - phi exactly	6. Alpha and the observable register	reproduce/alpha-value	
ALPHA-FORM	D	the committed Queen form alpha = 5 S/((8 pi)^2 sqrt(s)) with sqrt(s) = (3 - phi)^(1/4) = (1 + J Jbar)^(1/4), S = (1 + X/5)^-5, and X = 1/(32 pi^2 phi^4) the same slip as the Weinberg correction; every pi degree of the form is even, so alpha is pi even and delta free; the CODATA comparison stays a fenced measured witness and no value is claimed beyond the committed form	6. Alpha and the observable register	reproduce/alpha-value	
ALPHA-VALUE-DIGITS	C	the value of the committed form enclosed by exact integer interval arithmetic at scale 10^50 with outward rounding: enclosure width below 10^-20, unrounded value beginning 137.0359991899, and 137.035999190 rounded at the ninth decimal place; computed at finite precision; the sub ppb CODATA window is a fenced measured witness and moves no status	6. Alpha and the observable register	reproduce/alpha-value	
TT-LINEAR-ZERO	T	the deformation J -> J e^(i eps) freezes the modulus exactly: (J u)(Jbar u^-1) = J Jbar identically in the phase monomial while the argument moves, so the tensor channel carries zero at linear order about the isotropic background and r = 0 at linear order	13. Gravity and cosmology	reproduce/cosmology-register	
TT-QUADRATIC-INDUCED	D	the bilinear TT decoder permits induced tensor power at quadratic field order: for the traceless symmetric doublet det(I + H) - 1 = -|h|^2 exactly with no linear term; a numerical r(k) stays on the frontier (TT-VECTOR-STATE-NORMALIZATION)	13. Gravity and cosmology	reproduce/cosmology-register	
GYRON-DENSITY	T	the gyron gate is the Thue-Morse pair (0, 0) and its density is rho = 1/6 = 1/(p + 1) exactly: the sliding pair census obeys the exact substitution recursion at every tested dyadic scale, the invariant 6 c_00(4N) - 4N = 6 c_00(N) - N holds exactly, and the pair substitution has the unique stationary vector (1, 2, 2, 1)/6; 1/rho = 6 is the proton prefactor of the mass ladder; the Basel gate books f_00 pi^2 = pi^2/6 on the phase 5 Li_1(J) = i pi	13. Gravity and cosmology	reproduce/cosmology-register	
COSMOLOGY-REGISTER	D	the committed register forms on the observable list: w = -14/15, Omega_b = pi^2/200, Omega_DM/Omega_b = 18 p^3 ln^2(phi)/pi^4 with the 5 : 1 reading equal to (1 - f_00)/f_00 exactly, and the tilt form n_s - 1 = -5 alpha with NS-TILT live; every form pi even and delta free; N is the cosmic clock at its committed labels; the measured comparisons stay fenced and no value is claimed beyond the committed forms	13. Gravity and cosmology	reproduce/cosmology-register	
CONFORMAL-PREFACTOR	D	K_chi5 = k/(12 V_cell) = 1/(864 pi) at the homogeneous L5 scope, the same flux coefficient as the gravity chain master closure, with c_hom = 12 K_chi5 = 1/(72 pi) and 864 = 12 . 72; the inhomogeneous scalar action and the SI clause stay open (FRW-INHOM, METRO-EDGE-SCALE)	13. Gravity and cosmology	reproduce/cosmology-register	
TT-SQUARING-DECODER	D	the TT decoder is the complex squaring map h_+ + i h_x = (v1 + i v2)^2 with kernel exactly {+-1}, the spin double cover; volume neutrality det(I + H) = 1 - |h|^2 exactly; one propagation law c = 1 - s^2 on the integer triple +1, 0, -3	14. The gravitational wave program	reproduce/coupling-metrology	
RINGDOWN-EXPONENTIAL-DEAD	F	the minimal exponential ringdown reading is dead in the GW channel; the engineering grade stays a labeled witness and the dead branch is archived, not deleted	14. The gravitational wave program	reproduce/coupling-metrology	fired as registered at the WKB3 engineering grade against the GW ringdown channel: the minimal exponential reading fails at the labeled 7.8 sigma witness; the dead branch is archived and only a named gate on the same channel could reopen it
SCHWARZSCHILD-TT-ENDPOINT	T	the Regge-Wheeler coefficients (1, 0, -3) are forced at scope by the same 1 - s^2 family, V_2 = f (L/r^2 - 6M/r^3) with -6 = 2(1 - 4); Lichnerowicz uniqueness holds at the family and witness scope; covariance alone is not sufficient, a computed boundary	14. The gravitational wave program	reproduce/coupling-metrology	
TT-QUADRATIC-GERM	D	the quadratic germ of the action is sealed at scope mu = 1 with the pairing dictionary Z_L2 = 1/2 exactly; the free Gaussian vector reading is a computed fired boundary; the single remaining input is g_mu (TT-GAUGE-PULLBACK)	14. The gravitational wave program	reproduce/coupling-metrology	
COUPLINGS-DETERMINE	T	couplings determine instruments and effects are the shadow: the density rho_psi = psi psi^dagger G/(psi^dagger G psi) has trace exactly 1 against the Galois Gram and the Born value is the branch G norm; the gyron carrier admits no alternative at its scope; the instrument uniqueness question is resolved by the registered fired falsifier, effects underdetermine	15. Couplings, instruments, and metrology	reproduce/coupling-metrology	
DEWITT-TWELVES	T	the dressing coefficient is the DeWitt norm d(1 - lambda d) = 12 = d(d + 1) at the substrate lambda = -1, positive definite; the level 1 to level 2 normalization inheritance is closed and the chain of twelves is exact at scope, the same 12 as the counting k and the conformal multiplier	15. Couplings, instruments, and metrology	reproduce/coupling-metrology	
METRO-TICK	T	the tick clause is closed dimensionless: delta tau hat = 1/5 cycle = 2 pi/5 per tick, the step phase of the fiber circle; the metrological admissibility quartet with the sharp gyron window pair is carried at its sealed scope; METRO-ADMISSIBILITY and METRO-EDGE-SCALE stay live	15. Couplings, instruments, and metrology	reproduce/coupling-metrology	
MEASURE-SPATIAL-ONLY	T	the 3/4 = d/(d + 1) measure attaches to spatial gauge sectors only: trace and conformal directions carry the Gram weight 1/p, the spatial base ker(Tr) carries 1	5. The force is the curvature	reproduce/coupling-metrology	
STRONG-SEED	D	the strong coupling root is 1 . 3/4 . 1 = 3/4 on the spatial base; the seed ratio EM to strong is (3/4)/(1/5) = 15 : 4 exactly; running and scheme stay live (ALPHA-S-RUNNING, SCHEME-DICTIONARY)	5. The force is the curvature	reproduce/coupling-metrology	
HYPERPLANE-BOUNDARY-CLASS	T	the boundary class of the kernel census: S = M cap ker Tr_4 with M the z5 sheet {1, 4}; |M| = 6250, |S| = 1250, the charged complement 5000 in two sheets of 2500, the boundary fibers 625 + 625, by full enumeration of all 15625 states	3. The kernel and the census	reproduce/hyperplane-codec	
HYPERPLANE-BOUNDARY-REALIZATION	C	the census window at the registered constants (warmup 400, window 300, stable second window) realizes S as the union of the 63 = (p^3 + 1)/2 boundary attractors, 62 of size 20 and the singlet of size 10, the charged sector the remaining 250, no straddling attractor	3. The kernel and the census	reproduce/hyperplane-codec	
CODEC-TR4	T	the unique M_J readout: the step matrix is multiplication by J with characteristic polynomial Phi_5(x - 1), det(2I - M_J) = 5 = p, the piston sum doubles by the integer identity Tr_4(M_J x) = 2 Tr_4(x) - 5 x_c, and the scalar multiples of Tr_4 are the only covectors satisfying f(M_J x) = lambda f(x) for any multiplier	3. The kernel and the census	reproduce/hyperplane-codec	
PHIBIT-NOT-TAU	F	the physical reading of the phibit as the Fibonacci tau anyon	11. The pentit ring and the magic boundary	reproduce/hyperplane-codec	fired: the phibit fusion ring is the group ring of Z_5 with five invertible simples of dimension 1, while the Fibonacci ring has two simples with tau tau = 1 + tau and dimension phi; the dead branch is archived and only a named gate could reopen the physical reading
KERNEL-WEDGE-AFFINITY	T	every kernel generator is affine on all 15625 states, g(x) = M_g x + v_g with det M_g = 1 over F_5; a and b linear, c, d, e strictly affine: the translational sector is exactly {c, d, e}	3. The kernel and the census	reproduce/kernel-connectivity	
KERNEL-WEDGE-COUPLING	T	the two CSUM transvections preserve all 15 wedges w_ij = x0_i x1_j - x0_j x1_i as an exact polynomial identity and generate SL2(F_5), order 120, acting diagonally on the cell pair	3. The kernel and the census	reproduce/kernel-connectivity	
KERNEL-WEDGE-LINEAR-STRATA	T	the linear sector acts on the wedge by congruence W -> M_g W M_g^T (36 basis pairs, both sides bilinear) and preserves the wedge rank strata; the rank is 0 exactly on dependent pairs and 2 otherwise on the exhaustive slice	3. The kernel and the census	reproduce/kernel-connectivity	
KERNEL-WEDGE-AFFINE-MIX	T	only the affine translations cross the symplectic strata: over the full dependent stratum x1 = m x0, 78125 pairs per generator, a and b lift 0 pairs and c, d, e each lift exactly 62480 = 2^4 . 5 . 11 . 71 pairs to rank 2	3. The kernel and the census	reproduce/kernel-connectivity	
KERNEL-CELL-COMPONENTS	C	the single cell component census on all seventeen recorded generator subsets, from {ac} at 945 and {bde} = {cde} = 169 down to the full verb {abcde} at 1, with monotonicity on every comparable pair	3. The kernel and the census	reproduce/kernel-connectivity	
KERNEL-MACRO-READING	D	connected macro space is the affine translational sector breaking inter cell symplectic parallelism, organized by the SL2(F_5) coupling on the entanglement axis, with the wedge automorphism a completing transitivity; wedge rank 0 is parallel cells, rank 2 independent cells; refines the commutator reading of space	3. The kernel and the census	reproduce/kernel-connectivity	
ODOMETER-INTERNALIZED	D	the counter is internalized: the drive bit is the parity of a 2-adic odometer register inside the state, with the exact recursions t_2n = t_n and t_2n+1 = 1 - t_n and the carry parity law, so the dynamics is one autonomous closed map with no external parameter	2. Time, space, and the decoder	reproduce/foundations-places	
READING-SPLIT	T	the decoder reads the kernel by linear projection, the driver by binary Thue-Morse cut, and the gauge housing by quadratic registration: three sectors, one rule; each leg is separately registered and witnessed (the linear readout by CODEC-TR4, the binary cut by the census drive, the quadratic registration by the Born square)	2. Time, space, and the decoder	inline	
TIME-QUANTUM-TOWER	C	on the ring Z/5^k the step operator satisfies T^(5^k) = i_5 I with i_5^4 = 1 and i_5 = 2 mod 5, and the period of T is exactly 4 x 5^k; computed exhaustively for k = 1 to 4; the all k statement stands at the sealed scope	2. Time, space, and the decoder	reproduce/foundations-places	
DEGREES-BY-PRIME	T	the degrees split by prime: linear to 5, quadratic to 2, cubic to 5, foreign magic to 2; sqrt5 = 2 phi - 1 lives at zeta_5, sqrt2 = m + m^-1 and i = m^2 live at zeta_8, and neither sqrt2 nor i lies in Q(sqrt5), the unique quadratic subfield of Q(zeta_5)	4. The two places	reproduce/foundations-places	
Z2-PLACES-SPLIT	T	the cyclotomic Galois involutions sit at exactly two places: one involution at zeta_5 (the single order 2 element of the cyclic Galois group) and a complete Klein four at zeta_8; 5 = (2 + i)(2 - i) in Z[i] with conjugation swapping the two Gaussian primes above 5	4. The two places	reproduce/foundations-places	
I-BILOCATED	D	i is bilocated: the order 4 element of F_5* at v_5 (2^2 = -1, exact order 4) and zeta_8^2 at v_2 (m^2 squares to -1), identified only over Q, never merged	4. The two places	reproduce/foundations-places	
SILVER-RING-FACTS	C	in F_25 = F_5(sqrt2): the step collapses to the doubling J = 2, tau = sqrt(J) has tau^4 = -1 and ord(tau) = 8, and F_25* is cyclic of order 24; norm, element orders, cyclicity, and census are finite computations	4. The two places	reproduce/foundations-places	
SILVER-SIBLING	D	m = zeta_8 = sqrt(i) at prime 2 with the silver unit 1 + sqrt2 of norm -1 mirrors tau = sqrt(J) at prime 5; a dictionary mirror reading resting on the SILVER-RING-FACTS [C]	4. The two places	reproduce/foundations-places	
FORCE-WEYL-HOLONOMY	T	the finite Weyl pair on five basis states satisfies Z X Z^-1 X^-1 = zeta_5 I exactly; the phase is primitive of order 5 and the flux read is 2 pi/5	5. The force is the curvature	reproduce/force-born-dictionary	
COULOMB-GREEN-COMPUTATION	C	on the finite decoder graph C4 the Moore-Penrose Green kernel is 16 G = circ(5, -1, -3, -1), with L G = G L = I - (1/4) 1 1^T and zero row sum; no continuum value is claimed on C4	5. The force is the curvature	reproduce/force-born-dictionary	
COULOMB-PROJECTION	D	the continuum 1/(4 pi r) Green law read on the same propagator, gravity on the modulus and Coulomb on the argument; a scaling dictionary explicitly distinct from the finite C4 Green computation	5. The force is the curvature	inline	
FORCE-POLAR-SIGN	D	the polar dictionary of the common propagator: mass is a modulus with one sign and universal attraction; charge is an argument with two signs	5. The force is the curvature	inline	
ABELIAN-FACE-DICTIONARY	D	the electric face reads P = J/2 on the 12 electric faces from the bare tick and the selected magnetic axiom pair reads mu(k) = |1 + zeta_5^k|^2/10; the sealed six-ensemble uniqueness is not claimed publicly	5. The force is the curvature	reproduce/force-born-dictionary	
MEASURE-BORN-VERB	D	the measure read as the Born square of the verb, resting on the exact BORN-FACE-WEIGHTS theorem layer	8. The measure and Born	reproduce/force-born-dictionary	
KERNEL-CELL-DICTIONARY	D	time is the clock tick; space the three F_5 directions of ker Tr_4, isotropic under the Galois Gram; the Z_5 fiber carries F = dA, deposits in fifths, flux zeta_5, unimodular amplitudes, and the Born-square measure	8. The measure and Born	inline	
SUBSTRATE-KNIT	T	the conjugate verb readouts C_+ = I + S and C_- = C_+^T have Gram circ(2,1,0,0,1) with Born spectrum w; the position and Fourier face bases have squared overlap 1/5 on all 25 pairs; Plancherel masses 2 and 10 have ratio p = 5	8. The measure and Born	reproduce/force-born-dictionary	
METRO-ADMISSIBILITY	O	beyond normalized one dimensional rational finite state protocols	18. The frontier	inline	closes at scope by extending the sealed admissibility quartet to a named residual class with its own gate; closes negatively if an exactly reducible protocol in a residual class is admissible yet violates the sealed gyron window pair
METRO-EDGE-SCALE	O	the canonical selector on the commutator phi ladder and the SI clause	18. The frontier	inline	closes by deriving the canonical selector on the commutator phi ladder (the kinetic coefficient and dressing insertion routes) and the SI clause over the single m_e bridge; closes negatively if two inequivalent selectors survive every named gate, so no canonical selector exists
LORENTZ-A2A3	O	the Lorentz burden of the dynamics from action chain	18. The frontier	inline	armed: a nonzero K6 obstruction fires the Lorentz clause; closes positively when the Lorentz burden of the sealed finite chain is discharged
QUANT-SUBSTRATE	O	the Larmor gate and the Schwinger term gate on the archimedean wall	18. The frontier	inline	the two gates decide: exact gate values close the Larmor clause; the Schwinger term carries the hypothesis value 1/(2 pi) and a failed gate fires it
COLOR-MEASURE-SELECTION	O	the non abelian measure lift onto SL_3(F_5); 24 carrier orbits, 16 observable types	18. The frontier	inline	closes positively by a derivation selecting the weight vector over the 24 orbits constrained by the 16 observable types; closes negatively if the constraint set is exhausted with no surviving weight vector, or if two inequivalent vectors survive every named constraint
TT-GAUGE-PULLBACK	O	Stage B: the bridge squaring decoder to the Lichnerowicz Hessian and the mu corridor Ricci decision, gated on the single input g_mu	18. The frontier	inline	armed: scalar propagation in the TT channel fires; closes positively when the single input g_mu is derived and the Stage B bridge lands on the Lichnerowicz Hessian
TT-SOURCE	O	the emission map	18. The frontier	inline	closes positively by deriving the emission map on the locked source identity; closes negatively if the derived map contradicts the sealed quadrupole comparison channel
QNM-LEAVER-MU	O	the quasinormal mu decision	18. The frontier	inline	closes positively when the continued fraction quasinormal computation decides mu; closes negatively if the computed spectrum falls outside the mu corridor (mu at least 0.804 at 3 sigma)
POL-READ	O	the polarization readout	18. The frontier	inline	closes positively by deriving the polarization readout from the TT squaring decoder; closes negatively if the readout requires a propagation outside the single law c = 1 - s^2
TT-VECTOR-STATE-NORMALIZATION	O	the vector doublet state, its two point and pseudo covariance spectra, the action normalization, the scalar comparison; the only gate yielding a numerical r(k)	18. The frontier	inline	closes positively by the vector doublet normalization yielding a numerical r(k); the free Gaussian vector route is already closed negatively; a Gaussian claim from the pullback Hessian fires the registered candidate falsifier
FRW-INHOM	O	the inhomogeneous sector, the named classical horizon	18. The frontier	inline	closes positively by an inhomogeneous source construction that reproduces the sealed rank 1 canonical form in the homogeneous limit; closes negatively if every inhomogeneous extension breaks the exact chain of twelves
DRESS-CROSSCOUNT	O	the integer crossing count per observable	18. The frontier	inline	closes positively when the integer crossing count per observable is derived; until then the form decision is armed: an exact witness departing from 72 alpha^4 (about 0.204 ppm, labeled) fires the exponential reading
NS-TILT	H	the scalar tilt read as n_s - 1 = -5 alpha	18. The frontier	inline	live: the tilt n_s - 1 = -5 alpha fails against CMB-S4
DE-CONFORMAL-WEIGHT	O	the dark energy conformal weight	18. The frontier	inline	closes positively by deriving the conformal weight of the dark energy trace direction; closes negatively if the derived weight contradicts w = -14/15
ALPHA-S-RUNNING	O	the strong coupling running above the 3/4 seed	18. The frontier	inline	closes positively by a running derived from the 3/4 seed matching the measured strong coupling at a named scale within its stated window; closes negatively if every derived scheme from the seed misses the measured value or breaks the seed ratio 15 : 4
SCHEME-DICTIONARY	O	the scheme dictionary between exact seeds and measured couplings	18. The frontier	inline	closes positively by an exact dictionary between the seed normalization and a named measurement scheme; closes negatively if any dictionary requires a new free dimensionless parameter
FIBER-THRESHOLD	O	the fiber doublet threshold	18. The frontier	inline	live: a threshold fit outside the registered window fires
GENERATIONS-L3	O	the generation structure at the standard model L3 frontier	18. The frontier	inline	closes positively by deriving the generation count at the L3 boundary layer; closes negatively if the derived count differs from three
ETA-ALTERNATOR-BRIDGE	O	the eta naming clause of the checkerboard; only its named gate can move it	18. The frontier	inline	decided only by its named gate: the gate deriving the eta naming from the alternator basis closes it; a gate result inconsistent with the checkerboard tower fires it; until the gate runs the clause stays a remark
SPIN-LIFT-FORCED	O	whether the dicyclic spin lift is forced	18. The frontier	inline	closes positively by proving the dicyclic lift is the unique lift of the axiom pair; closes negatively by exhibiting a second inequivalent lift surviving the same constraints
KC3-PLENUM-READOUT	H	the ramified place acquires the archimedean readout s; the residue class readout stays open	18. The frontier	inline	fires if the residue class readout of the ramified place disagrees with the archimedean value s = abs(1 - zeta_5)
QUADRATIC-ENVELOPE-DECODER	H	the full decoder carrier as the pair of quadratic readings of one square	18. The frontier	inline	fires if a decoder observable is exhibited that is not a function of the pair (psi psi^dagger, psi psi^T), or if the pair fails to separate two states the decoder distinguishes
TM-SYM2-MEASURE	H	the symmetric square measure; the residual is the Born phase halving 1/6 = (1/2)(1/3)	18. The frontier	inline	fires if the Thue-Morse symmetric square average departs from the forced 5 : 2 frame ratio at any exactly computed order, or if the Born phase halving 1/6 = (1/2)(1/3) is shown inconsistent with the sealed clock density
QUADRATIC-DECODER-DATA	O	the effects on data clause; the state update, Gram, and dagger clauses are closed at scope	18. The frontier	inline	closes positively when the effects on data clause is derived from the sealed coupling theorems; closes negatively if data effects require information beyond couplings, contradicting the fired uniqueness result
NEUTRON-DELTA-EM	O	the interior compression channel of the neutron electromagnetic delta	18. The frontier	inline	closes positively by deriving the interior compression channel value; closes negatively if the derived electromagnetic delta moves the neutron outside its measured tier window
PROTON-RESIDUAL-IS-QCD	O	the proton residual, gated on QCD dynamics	18. The frontier	inline	closes positively when the QCD dynamics sector derives the proton residual; closes negatively if the derived residual is incompatible with the measured proton moment within its comparison window
SQRT-PHI-TIME-GRAVITY	O	the dynamical face of the time gravity door; the gravity face is furnished	18. The frontier	inline	closes positively by furnishing the dynamical face: a dynamics whose time quantum realizes the gate line square root; closes negatively if the dynamical face is proven empty
CODEC-RATE-SCOPE	O	the rate 4/5 clause of the internal codec seal, held open without a public claim	18. The frontier	inline	closes by reconstructing the precise coding statement of the rate 4/5 clause from the sealed internal basis and registering it with its own witness; closes negatively by striking the clause as shorthand without a spelled theorem, recorded as a scope reduction in the audit
KERNEL-CONNECT-ALL-K	H	for every k >= 2 the generator set {a, c, d, e} with the two way CSUM ring coupling connects (F_5^6)^k into one component	18. The frontier	inline	closes positively by a proof that the set connects every (F_5^6)^k, for instance the unwritten induction over k along the ring; fires on any exact computation exhibiting more than one component at some k >= 4; the k = 2 exact table and the k = 3 full enumeration are internal witnesses at the sealed scope, beyond the public 120 s budget
CURVATURE-TRACE-VALUE	O	the trace value -21/8 of the squared discrete curvature; the commutator operator and its golden spectrum stand at the sealed scope	18. The frontier	inline	closes by committing the commutator operator publicly with an exact witness that decides the trace value, confirming or correcting -21/8 as the sealed erratum directs; closes negatively if the committed operator refutes the golden spectrum reading at its stated scope
OBSERVER-WRITE-PORT	H	the observer write port under the closed whole scope wording	18. The frontier	inline	the write port test decides, armed and algebraic, ordered after the metrology closure: an admissible write channel into the sealed readout fires the closed whole scope wording; the proof that none exists closes it
PHOTON-RADIATIVE-INDEPENDENCE	O	the standing preregistration on radiative independence	18. The frontier	inline	decided by the ported preregistration: a fired frozen failure threshold closes it negatively; radiative independence within the frozen thresholds closes it at its preregistered grade; the frozen text ports verbatim with the probe
PHOTON-WINDOW-COORDINATES	T	the Born verb point on the five center: w(0) = 4, 2 w(1) = 3 + sqrt5, 2 w(2) = 3 - sqrt5, w(1) w(2) = 1, tilt w(1) - w(2) = sqrt5; the dual pair what = 5(2, 1, 0, 0, 1) with chat = w exactly (Kramers-Wannier partners), w not self dual; both activities order one	9. The photon and the electron	reproduce/photon-electron	
PHOTON-UNIVERSAL-BIT	T	on every cyclic center p >= 3 the dual weights are what = p(2, 1, 0, ..., 0, 1): what(1)/what(0) = 1/2 exactly and every class |k| >= 2 is exactly closed for p >= 5 (witnessed p = 3, 5, 7); the p = 2 center is frozen, w(1) = 0 exactly	9. The photon and the electron	reproduce/photon-electron	
MONOPOLE-FIFTHS	T	a 4D lattice edge meets exactly 6 faces; with face coefficients in {0, +1, -1} the mod 5 closed edge boundary takes exactly the values {0, +5, -5}: magnetic charge exists only in lumps of five	9. The photon and the electron	reproduce/photon-electron	
MONOPOLE-COST	C	the elementary charge 5 monopole worldline (the unit square loop) needs at least 17 and at most 21 occupied faces: the lower bound by the exhaustive incidence census (the flat square is the unique multi face and meets all four loop edges), the upper bound by an explicit 21 face configuration with dn = 5 dQ; the exact minimum inside [17, 21] is not claimed	9. The photon and the electron	reproduce/photon-electron	
KAPPA-BOUNDS	T	straight worldline segments share no face and cost 5 bits per segment; the 1 x K rectangle incidence bound is exactly 9K + 8 (the multiplicity multiset argument, verified K = 2..6); the greedy identity LB = 5L - sum over faces of (cnt - 1)+ with every cofacial pair sharing exactly one face (perpendicular at a vertex or parallel at unit offset)	9. The photon and the electron	reproduce/photon-electron	
KAPPA-SHAPES	C	a nine shape library of closed worldlines realizes the exact incidence bound table (square 17, ladders 9K + 8 for K = 2..6, square 2x2 36, skew hexagon 24, nonplanar staircase 31); library minimum 31/8 bits per segment; every shape wins the per loop energy entropy race 2^LB > 7^L, tightest margin 2^31 > 7^8; no statement about arbitrary shapes	9. The photon and the electron	reproduce/photon-electron	
CENTER-SPLIT-RECIPROCITY	T	charge conjugation k -> -k swaps the quadratic residue channels exactly when p = 3 mod 4 and preserves them exactly when p = 1 mod 4 (witnessed 3, 7, 11 against 5, 13, 17); the tilt invariant is the real Gauss sum, g^2 = -3, +5, -7 for p = 3, 5, 7; for p = 3 mod 4 the tilt channel does not exist	9. The photon and the electron	reproduce/photon-electron	
CENTER-SPLIT-CLOSURE	T	one two path Born weight on every cyclic center: p = 2 is frozen (the nontrivial class has weight exactly zero); p = 3 has full dual support and nothing to close; for p >= 5 every class |k| >= 2 is exactly closed	9. The photon and the electron	reproduce/photon-electron	
CENTER-SPLIT-SELECTION	D	the first prime passing both doors (the Coulomb window and the tilt channel) is p = 5: door 2 is the derived reciprocity; door 1 rests on the declared external import that 4D Z_N lattice gauge theory is self dual for N <= 4 and opens a Coulomb window only for N >= 5; a dictionary reading, never promoted past the import	9. The photon and the electron	reproduce/photon-electron	
ELECTRON-G-RATIO	T	the sixteen identity block: N(J) = 1, Tr(J) = 3, J Jbar = 2 - phi = phi^-2, the pivot 1 - J = zeta_10^9 of exact order 10, the polylog ladder Li_-1, Li_0, Li_1 at J with deviations halving 4 -> 2 -> 1 in pi/10 units, and the tree quotient (2 pi/5)/(pi/5) = 2	9. The photon and the electron	reproduce/photon-electron	
ELECTRON-G-DOUBLE-COVER	T	the fiber closes in five (X^5 = 1) and the spinor in ten (R^5 = -I, R^10 = I) with det R = 1, cos(pi/5) = phi/2, sin^2(pi/5) = (3 - phi)/4; the orbital to spinor ratio is 2 at every step	9. The photon and the electron	reproduce/photon-electron	
ELECTRON-G-TREE	D	g = 2 as the exact quotient of the vertex flux arg j = 2 pi/5 over the spinor half angle pi/5, the reading that binds ELECTRON-G-RATIO and ELECTRON-G-DOUBLE-COVER; the first order coefficient is not derived and stays on the frontier inside QUANT-SUBSTRATE	9. The photon and the electron	reproduce/photon-electron	
ELECTRON-SIGN-LAWS	T	seven exhaustive laws at the aligned kernel protocol: the 6000 tick gyron count is 999 + [z5(B_0) = 4] for every recurrent seed, so the count parity is the initial datum; the only event is the tick 0 anchor with slot z5(d) = 4 + delta forced and the phase locked forever after (merged traces plus bijectivity); the annihilation census {+1: 3125 mute, -1: 3125 par, +-2: 0} decided by tick 3; the eps ledger +6250, -6250, 9375 event free, sum zero; one Z_2 governs the five readouts; every survivor on a closed 20 state pair cycle and supp(+2) = supp(+3) on all 6250 backgrounds; no fiber shift or Galois scalar image of the 313 supports is a support (0 of 1252; 0 of 313 each)	9. The photon and the electron	reproduce/photon-electron	
ELECTRON-SIGN	D	the decoder level charge sign is the orientation, ghost {a, c} against live {b, d}, of the single gyron anchored engagement of a defect worldline; pair neutrality is realized through the annihilation sink; the sign Z_2 equals the initial datum [z5(B_0) = 4]; the reading that binds ELECTRON-SIGN-LAWS; eps totality on event free survivors is not claimed publicly	9. The photon and the electron	reproduce/photon-electron	
PHOTON-WINDOW-PROOF	O	completion of the photon window requires both (i) every closed charge 5 worldline of length L to satisfy F_occ >= kappa L for an admissible kappa with 2^(4 kappa) > 2401, and (ii) an electric face roughening certificate sufficient for the declared Froehlich-Spencer class import; the exact electric face facts already registered are not re-registered here	18. The frontier	inline	closes positively only when both obligations have public exact certificates; an exact counterexample to the kappa bound or a certified failure of the declared roughening criterion closes the corresponding route negatively; until both close, no massless Coulomb conclusion is promoted
PENTIT-ROOT-FACTS	T	in F_25 = F_5[tau]/(tau^2 - 2), the ramified images J = 2 and phi = 3 satisfy tau^2 = J, tau^4 = -1, tau^6 = phi, sqrt(phi) = tau^3, with tau of exact order 8	11. The pentit ring and the magic boundary	reproduce/pentit-p5-closure	
PENTIT-ROOT-READING	D	the gate-line dictionary names tau as the square root of the axiom J while explicitly keeping the argument distinct from the clock	11. The pentit ring and the magic boundary	reproduce/pentit-p5-closure	
MAGIC-PRIME-GATE	T	the complete norm ladder N(tau^k) = 3^k = 2^(-k) in F_5*, the order-four source i_5 = 2 reaching -1 after two steps, and sqrt(J) sqrt(phi) = tau^4 = -1 with the two norms multiplying to 1 and phi = J^-1	11. The pentit ring and the magic boundary	reproduce/pentit-p5-closure	
QUBIT-FROM-F5	T	for V_+ defined as the sign quotient F_5*/{+-1}, the classes are exactly {1, 4} and {2, 3}, and the quotient is cyclic of order 2	11. The pentit ring and the magic boundary	reproduce/pentit-p5-closure	
BELL-MAGIC-BOUNDARY	O	the sealed root-of-unity Bell cap at zeta_5 and Tsirelson value at zeta_8, without a reconstructed public CHSH functional or exact maxima	11. The pentit ring and the magic boundary	inline	closes positively by stating the precise CHSH functional and proving its exact maximum over the zeta_5 and zeta_8 phase sets; closes negatively if either reconstructed maximum differs from the sealed values or the two phase sets do not support the stated comparison
P5-ROOT-SELECTION	T	for every positive prime p, (p - 2)/(p + 1) = 1/2 if and only if p = 5; after clearing the positive denominator the equation is p - 5 = 0	16. p = 5 and the wall	reproduce/pentit-p5-closure	
